date,live_cattle,feeder_cattle,lean_hogs
2005-01-03,,102.3499984741211,76.69999694824219
2005-01-04,,104.7750015258789,76.5
2005-01-05,92.25,104.1500015258789,75.75
2005-01-06,92.0,103.19999694824219,75.80000305175781
2005-01-07,90.75,103.80000305175781,74.94999694824219
2005-01-10,92.0,104.82499694824219,75.05000305175781
2005-01-11,93.0,105.6500015258789,77.05000305175781
2005-01-12,93.0,105.75,75.80000305175781
2005-01-13,93.0,106.1500015258789,76.19999694824219
2005-01-14,93.0,105.8499984741211,76.7750015258789
2005-01-18,93.0,107.19999694824219,75.57499694824219
2005-01-19,93.0,106.25,75.7750015258789
2005-01-20,93.0,106.19999694824219,74.3499984741211
2005-01-21,92.5,105.7249984741211,75.875
2005-01-24,91.5,104.55000305175781,75.42500305175781
2005-01-25,91.5,104.5,75.07499694824219
2005-01-26,91.0,104.30000305175781,74.57499694824219
2005-01-27,91.0,104.17500305175781,74.19999694824219
2005-01-28,91.0,103.9800033569336,74.125
2005-01-31,91.0,100.5250015258789,73.7750015258789
2005-02-01,90.7750015258789,100.92500305175781,73.625
2005-02-02,90.69999694824219,99.94999694824219,71.625
2005-02-03,91.0,99.80000305175781,71.75
2005-02-04,90.92500305175781,99.2750015258789,70.8499984741211
2005-02-07,91.2249984741211,99.8499984741211,70.7249984741211
2005-02-08,92.125,100.9000015258789,68.7750015258789
2005-02-09,91.67500305175781,100.92500305175781,68.32499694824219
2005-02-10,89.75,99.5999984741211,67.0250015258789
2005-02-11,90.0999984741211,100.1500015258789,67.69999694824219
2005-02-14,90.4000015258789,100.125,67.7750015258789
2005-02-15,90.19999694824219,100.25,
2005-02-16,90.5,100.7249984741211,67.86000061035156
2005-02-17,90.5,100.625,73.8499984741211
2005-02-18,88.94999694824219,98.30000305175781,72.875
2005-02-22,88.30000305175781,98.5,73.55000305175781
2005-02-23,88.07499694824219,98.7249984741211,75.42500305175781
2005-02-24,88.17500305175781,99.07499694824219,74.9000015258789
2005-02-25,87.82499694824219,98.4000015258789,74.1500015258789
2005-02-28,87.2249984741211,99.1500015258789,74.2249984741211
2005-03-01,87.3499984741211,99.9749984741211,75.25
2005-03-02,87.3499984741211,100.32499694824219,74.6500015258789
2005-03-03,87.3499984741211,102.625,76.0999984741211
2005-03-04,87.55000305175781,102.67500305175781,75.6500015258789
2005-03-07,88.0,103.0999984741211,75.5
2005-03-08,88.0,103.92500305175781,76.0999984741211
2005-03-09,88.0,105.875,74.57499694824219
2005-03-10,88.0,105.55000305175781,72.57499694824219
2005-03-11,88.25,104.9000015258789,72.375
2005-03-14,89.75,105.3499984741211,70.57499694824219
2005-03-15,89.9000015258789,106.07499694824219,70.57499694824219
2005-03-16,89.9000015258789,106.05000305175781,71.2750015258789
2005-03-17,89.9000015258789,105.9000015258789,70.57499694824219
2005-03-18,89.9000015258789,105.625,70.4000015258789
2005-03-21,90.0,106.0250015258789,71.05000305175781
2005-03-22,89.5,106.32499694824219,70.57499694824219
2005-03-23,89.5,106.32499694824219,70.1500015258789
2005-03-24,88.9000015258789,106.3499984741211,70.30000305175781
2005-03-28,88.9000015258789,106.1500015258789,69.6500015258789
2005-03-29,90.0999984741211,106.9000015258789,69.2750015258789
2005-03-30,92.0,106.4000015258789,68.69999694824219
2005-03-31,92.0,107.67500305175781,68.69999694824219
2005-04-01,89.7249984741211,109.0999984741211,70.1500015258789
2005-04-04,88.7750015258789,108.7750015258789,69.55000305175781
2005-04-05,88.94999694824219,108.80000305175781,68.67500305175781
2005-04-06,87.94999694824219,107.92500305175781,66.9000015258789
2005-04-07,87.7750015258789,107.875,66.5250015258789
2005-04-08,88.2750015258789,108.42500305175781,68.2249984741211
2005-04-11,88.0250015258789,108.4749984741211,68.9749984741211
2005-04-12,89.0250015258789,109.17500305175781,69.69999694824219
2005-04-13,89.0250015258789,108.94999694824219,69.82499694824219
2005-04-14,89.92500305175781,109.30000305175781,69.67500305175781
2005-04-15,89.44999694824219,109.69999694824219,75.8499984741211
2005-04-18,89.92500305175781,111.4000015258789,74.55000305175781
2005-04-19,90.55000305175781,110.8499984741211,75.1500015258789
2005-04-20,91.0999984741211,110.94999694824219,75.55000305175781
2005-04-21,91.4000015258789,110.375,75.2750015258789
2005-04-22,92.0250015258789,110.4749984741211,75.2249984741211
2005-04-25,93.75,111.25,75.25
2005-04-26,93.9000015258789,111.57499694824219,76.92500305175781
2005-04-27,92.44999694824219,111.5999984741211,77.07499694824219
2005-04-28,92.3499984741211,111.6500015258789,77.30000305175781
2005-04-29,93.92500305175781,108.67500305175781,78.1500015258789
2005-05-02,90.0,108.5250015258789,79.07499694824219
2005-05-03,90.0,110.05000305175781,78.625
2005-05-04,90.0,109.5999984741211,79.42500305175781
2005-05-05,90.0,110.42500305175781,79.7750015258789
2005-05-06,90.0,110.2249984741211,78.3499984741211
2005-05-09,90.0,111.07499694824219,77.57499694824219
2005-05-10,90.0,111.3499984741211,76.75
2005-05-11,90.0,111.57499694824219,76.80000305175781
2005-05-12,90.0,111.5,76.82499694824219
2005-05-13,90.0,111.42500305175781,76.5999984741211
2005-05-16,90.0,111.5,75.69999694824219
2005-05-17,90.0,111.92500305175781,75.9000015258789
2005-05-18,90.0,111.5999984741211,73.94999694824219
2005-05-19,90.0,111.75,73.4749984741211
2005-05-20,90.0,111.4749984741211,72.2750015258789
2005-05-23,90.0,111.2249984741211,71.5999984741211
2005-05-24,90.0,111.32499694824219,71.94999694824219
2005-05-25,90.0,111.0250015258789,71.6500015258789
2005-05-26,90.0,111.0999984741211,71.0999984741211
2005-05-27,90.0,111.13999938964844,72.25
2005-05-31,90.0,112.67500305175781,72.0
2005-06-01,84.44999694824219,111.80000305175781,71.44999694824219
2005-06-02,84.44999694824219,111.0999984741211,69.80000305175781
2005-06-03,84.9749984741211,111.69999694824219,68.19999694824219
2005-06-06,85.30000305175781,113.25,68.4000015258789
2005-06-07,85.05000305175781,113.5250015258789,66.82499694824219
2005-06-08,84.5999984741211,112.80000305175781,67.125
2005-06-09,83.625,111.19999694824219,67.17500305175781
2005-06-10,83.80000305175781,111.25,67.25
2005-06-13,82.30000305175781,108.4749984741211,67.7249984741211
2005-06-14,82.9000015258789,109.25,67.625
2005-06-15,81.9000015258789,108.75,
2005-06-16,81.19999694824219,107.8499984741211,67.54000091552734
2005-06-17,81.19999694824219,107.57499694824219,65.94999694824219
2005-06-20,82.05000305175781,108.6500015258789,66.25
2005-06-21,81.7249984741211,108.55000305175781,66.0999984741211
2005-06-22,82.05000305175781,108.80000305175781,66.125
2005-06-23,82.0999984741211,108.9000015258789,66.6500015258789
2005-06-24,82.17500305175781,108.44999694824219,65.6500015258789
2005-06-27,82.5250015258789,109.625,66.57499694824219
2005-06-28,82.6500015258789,109.5999984741211,65.0250015258789
2005-06-29,82.375,109.3499984741211,65.125
2005-06-30,82.7750015258789,109.42500305175781,65.5250015258789
2005-07-01,79.32499694824219,110.30000305175781,66.30000305175781
2005-07-05,80.1500015258789,110.7249984741211,68.0
2005-07-06,80.625,111.6500015258789,69.6500015258789
2005-07-07,80.0999984741211,112.07499694824219,68.3499984741211
2005-07-08,79.3499984741211,111.9749984741211,68.0999984741211
2005-07-11,78.07499694824219,110.125,67.6500015258789
2005-07-12,78.5250015258789,109.6500015258789,68.07499694824219
2005-07-13,79.125,109.55000305175781,68.42500305175781
2005-07-14,78.94999694824219,108.125,68.5250015258789
2005-07-15,78.5250015258789,106.1500015258789,68.67500305175781
2005-07-18,78.5,106.19999694824219,67.0
2005-07-19,79.2750015258789,107.44999694824219,67.55000305175781
2005-07-20,79.42500305175781,107.55000305175781,67.9749984741211
2005-07-21,79.125,107.875,68.2249984741211
2005-07-22,79.25,107.6500015258789,68.2249984741211
2005-07-25,78.75,107.0999984741211,68.07499694824219
2005-07-26,79.1500015258789,107.25,67.55000305175781
2005-07-27,79.3499984741211,107.125,67.5
2005-07-28,79.57499694824219,107.57499694824219,67.2750015258789
2005-07-29,81.19999694824219,109.2249984741211,67.875
2005-08-01,81.875,109.32499694824219,69.5999984741211
2005-08-02,81.7249984741211,109.57499694824219,69.9000015258789
2005-08-03,82.30000305175781,110.0250015258789,69.7249984741211
2005-08-04,80.625,109.42500305175781,69.4000015258789
2005-08-05,80.57499694824219,110.4000015258789,70.0999984741211
2005-08-08,79.80000305175781,109.5,69.57499694824219
2005-08-09,79.92500305175781,109.0999984741211,69.67500305175781
2005-08-10,79.875,109.05000305175781,69.32499694824219
2005-08-11,80.2750015258789,109.7750015258789,69.17500305175781
2005-08-12,79.07499694824219,109.2750015258789,69.4000015258789
2005-08-15,78.80000305175781,109.67500305175781,60.20000076293945
2005-08-16,78.7750015258789,109.92500305175781,60.75
2005-08-17,79.1500015258789,110.25,61.025001525878906
2005-08-18,79.7750015258789,110.375,61.32500076293945
2005-08-19,80.4749984741211,110.5999984741211,62.150001525878906
2005-08-22,80.25,110.67500305175781,62.42499923706055
2005-08-23,80.55000305175781,111.1500015258789,61.67499923706055
2005-08-24,81.05000305175781,111.30000305175781,61.79999923706055
2005-08-25,81.5,111.30000305175781,63.32500076293945
2005-08-26,82.375,111.38999938964844,64.2249984741211
2005-08-29,83.2249984741211,112.375,63.900001525878906
2005-08-30,82.75,111.5999984741211,63.82500076293945
2005-08-31,83.25,111.7750015258789,63.70000076293945
2005-09-01,81.05000305175781,109.94999694824219,62.04999923706055
2005-09-02,81.19999694824219,110.80000305175781,61.650001525878906
2005-09-06,82.875,111.82499694824219,62.525001525878906
2005-09-07,82.92500305175781,112.0,61.875
2005-09-08,83.44999694824219,113.44999694824219,62.75
2005-09-09,84.82499694824219,114.57499694824219,64.75
2005-09-12,85.625,115.3499984741211,65.05000305175781
2005-09-13,85.30000305175781,114.9000015258789,65.07499694824219
2005-09-14,85.5,114.9000015258789,63.82500076293945
2005-09-15,86.375,115.375,64.42500305175781
2005-09-16,86.07499694824219,114.875,64.5
2005-09-19,86.07499694824219,115.0999984741211,64.9749984741211
2005-09-20,85.82499694824219,114.4749984741211,65.7750015258789
2005-09-21,85.6500015258789,114.4749984741211,64.875
2005-09-22,86.25,115.44999694824219,65.6500015258789
2005-09-23,86.7750015258789,115.80000305175781,66.3499984741211
2005-09-26,87.2249984741211,115.80000305175781,66.1500015258789
2005-09-27,87.42500305175781,116.0,65.32499694824219
2005-09-28,87.125,116.125,65.94999694824219
2005-09-29,88.42500305175781,116.05000305175781,66.80000305175781
2005-09-30,89.125,116.23999786376953,67.19999694824219
2005-10-03,89.2249984741211,116.5250015258789,68.2249984741211
2005-10-04,90.94999694824219,117.57499694824219,68.0250015258789
2005-10-05,90.30000305175781,117.0999984741211,68.19999694824219
2005-10-06,89.7249984741211,117.57499694824219,67.67500305175781
2005-10-07,90.25,118.32499694824219,68.55000305175781
2005-10-10,90.80000305175781,118.0,68.32499694824219
2005-10-11,90.7750015258789,118.69999694824219,67.67500305175781
2005-10-12,90.7750015258789,118.57499694824219,67.2750015258789
2005-10-13,91.44999694824219,119.57499694824219,67.3499984741211
2005-10-14,89.2750015258789,117.67500305175781,67.375
2005-10-17,88.3499984741211,117.4749984741211,60.32500076293945
2005-10-18,88.9749984741211,117.2750015258789,60.349998474121094
2005-10-19,89.5999984741211,117.6500015258789,61.07500076293945
2005-10-20,89.25,116.8499984741211,60.224998474121094
2005-10-21,88.57499694824219,115.94999694824219,60.775001525878906
2005-10-24,88.375,115.8499984741211,60.95000076293945
2005-10-25,88.8499984741211,115.75,61.20000076293945
2005-10-26,88.07499694824219,115.80000305175781,60.07500076293945
2005-10-27,88.25,115.69999694824219,59.45000076293945
2005-10-28,89.0,115.80000305175781,60.95000076293945
2005-10-31,88.5,115.8499984741211,61.67499923706055
2005-11-01,89.92500305175781,115.4749984741211,60.849998474121094
2005-11-02,90.30000305175781,115.5250015258789,61.79999923706055
2005-11-03,90.9000015258789,116.07499694824219,61.875
2005-11-04,91.4749984741211,116.07499694824219,62.275001525878906
2005-11-07,91.80000305175781,116.0250015258789,63.75
2005-11-08,91.7249984741211,115.69999694824219,63.224998474121094
2005-11-09,91.94999694824219,115.30000305175781,64.17500305175781
2005-11-10,91.9749984741211,115.19999694824219,63.125
2005-11-11,90.42500305175781,115.05000305175781,63.42499923706055
2005-11-14,91.07499694824219,115.80000305175781,63.349998474121094
2005-11-15,91.69999694824219,116.375,63.849998474121094
2005-11-16,91.69999694824219,116.4749984741211,63.099998474121094
2005-11-17,91.2249984741211,116.5250015258789,62.099998474121094
2005-11-18,91.0250015258789,116.55999755859375,62.625
2005-11-21,90.32499694824219,112.67500305175781,60.650001525878906
2005-11-22,91.0250015258789,113.17500305175781,61.32500076293945
2005-11-23,91.94999694824219,114.4000015258789,61.849998474121094
2005-11-25,92.625,116.0250015258789,62.54999923706055
2005-11-28,92.75,116.94999694824219,63.0
2005-11-29,92.8499984741211,117.19999694824219,62.349998474121094
2005-11-30,93.44999694824219,116.9000015258789,62.5
2005-12-01,94.375,117.6500015258789,63.349998474121094
2005-12-02,93.0250015258789,116.67500305175781,62.79999923706055
2005-12-05,92.8499984741211,116.375,63.0
2005-12-06,92.7249984741211,115.32499694824219,62.650001525878906
2005-12-07,92.75,115.69999694824219,62.67499923706055
2005-12-08,92.42500305175781,114.7750015258789,62.875
2005-12-09,91.92500305175781,113.7750015258789,62.54999923706055
2005-12-12,92.4749984741211,114.17500305175781,62.125
2005-12-13,93.7249984741211,114.82499694824219,62.375
2005-12-14,94.5999984741211,114.82499694824219,62.625
2005-12-15,94.32499694824219,113.82499694824219,64.375
2005-12-16,95.5250015258789,114.32499694824219,64.32499694824219
2005-12-19,95.7750015258789,114.57499694824219,64.55000305175781
2005-12-20,96.625,115.05000305175781,65.1500015258789
2005-12-21,95.5,114.07499694824219,65.2750015258789
2005-12-22,94.7750015258789,113.5999984741211,65.2750015258789
2005-12-23,94.80000305175781,114.07499694824219,65.25
2005-12-27,94.7750015258789,114.2750015258789,64.92500305175781
2005-12-28,95.2249984741211,115.0,65.125
2005-12-29,94.9000015258789,114.7249984741211,65.0250015258789
2005-12-30,92.44999694824219,115.25,65.2750015258789
2006-01-03,,114.2750015258789,64.6500015258789
2006-01-04,,114.2249984741211,64.05000305175781
2006-01-05,,114.32499694824219,64.625
2006-01-06,,114.5,64.4749984741211
2006-01-09,,114.5250015258789,64.67500305175781
2006-01-10,,113.9000015258789,62.67499923706055
2006-01-11,,112.05000305175781,60.67499923706055
2006-01-12,,112.875,59.775001525878906
2006-01-13,,112.4749984741211,59.0
2006-01-17,,112.2750015258789,59.474998474121094
2006-01-18,,111.7750015258789,58.150001525878906
2006-01-19,,112.44999694824219,58.650001525878906
2006-01-20,,112.5999984741211,59.25
2006-01-23,,113.05000305175781,59.099998474121094
2006-01-24,,113.1500015258789,57.775001525878906
2006-01-25,,113.32499694824219,57.349998474121094
2006-01-26,,113.25,57.17499923706055
2006-01-27,,110.625,56.25
2006-01-30,,109.75,56.07500076293945
2006-01-31,,109.82499694824219,55.95000076293945
2006-02-01,93.05000305175781,109.2750015258789,56.224998474121094
2006-02-02,92.5999984741211,108.69999694824219,54.54999923706055
2006-02-03,92.2750015258789,107.82499694824219,55.025001525878906
2006-02-06,92.1500015258789,108.05000305175781,55.625
2006-02-07,91.9749984741211,107.9749984741211,56.625
2006-02-08,91.7249984741211,107.9749984741211,57.349998474121094
2006-02-09,92.25,108.8499984741211,57.625
2006-02-10,92.9000015258789,109.6500015258789,58.54999923706055
2006-02-13,91.4749984741211,108.05000305175781,58.875
2006-02-14,91.4749984741211,108.69999694824219,58.92499923706055
2006-02-15,90.8499984741211,108.25,61.474998474121094
2006-02-16,90.44999694824219,108.3499984741211,61.625
2006-02-17,89.94999694824219,107.32499694824219,63.17499923706055
2006-02-21,90.55000305175781,107.625,63.25
2006-02-22,90.625,107.9000015258789,62.025001525878906
2006-02-23,90.7750015258789,106.94999694824219,61.95000076293945
2006-02-24,90.07499694824219,106.19999694824219,61.42499923706055
2006-02-27,90.2249984741211,106.05000305175781,62.125
2006-02-28,90.1500015258789,106.875,61.474998474121094
2006-03-01,87.0250015258789,107.125,62.70000076293945
2006-03-02,86.80000305175781,107.1500015258789,62.0
2006-03-03,86.0250015258789,106.32499694824219,62.0
2006-03-06,85.69999694824219,105.94999694824219,60.775001525878906
2006-03-07,84.7750015258789,104.69999694824219,59.400001525878906
2006-03-08,84.1500015258789,104.0,59.150001525878906
2006-03-09,83.9749984741211,103.55000305175781,58.650001525878906
2006-03-10,83.44999694824219,101.57499694824219,58.57500076293945
2006-03-13,83.625,102.0250015258789,59.724998474121094
2006-03-14,83.0999984741211,102.57499694824219,57.724998474121094
2006-03-15,83.0,103.875,58.150001525878906
2006-03-16,83.42500305175781,104.80000305175781,58.42499923706055
2006-03-17,83.0250015258789,104.4749984741211,59.099998474121094
2006-03-20,83.3499984741211,105.625,59.0
2006-03-21,83.4749984741211,105.0999984741211,58.25
2006-03-22,82.9749984741211,104.625,57.20000076293945
2006-03-23,83.2750015258789,104.6500015258789,58.224998474121094
2006-03-24,82.4749984741211,103.44999694824219,58.724998474121094
2006-03-27,81.875,103.42500305175781,57.75
2006-03-28,81.4749984741211,103.7249984741211,57.45000076293945
2006-03-29,80.625,103.5,57.5
2006-03-30,81.0,103.3499984741211,58.125
2006-03-31,79.5,101.4749984741211,57.349998474121094
2006-04-03,80.2249984741211,100.9749984741211,58.150001525878906
2006-04-04,78.32499694824219,99.19999694824219,56.29999923706055
2006-04-05,78.9000015258789,100.0250015258789,55.650001525878906
2006-04-06,79.69999694824219,100.55000305175781,54.82500076293945
2006-04-07,81.2249984741211,102.0,54.375
2006-04-10,80.30000305175781,100.4749984741211,53.82500076293945
2006-04-11,80.8499984741211,100.5,54.04999923706055
2006-04-12,81.75,101.3499984741211,54.349998474121094
2006-04-13,81.875,102.17500305175781,54.224998474121094
2006-04-17,82.5999984741211,103.2249984741211,63.400001525878906
2006-04-18,82.625,103.7249984741211,63.650001525878906
2006-04-19,82.82499694824219,103.875,64.5
2006-04-20,82.17500305175781,103.0999984741211,65.05000305175781
2006-04-21,81.4000015258789,101.80000305175781,65.5250015258789
2006-04-24,79.82499694824219,100.80000305175781,65.5250015258789
2006-04-25,79.75,100.5999984741211,65.4000015258789
2006-04-26,80.0999984741211,101.5,66.5250015258789
2006-04-27,78.82499694824219,101.0999984741211,66.2249984741211
2006-04-28,79.19999694824219,100.5250015258789,67.9749984741211
2006-05-01,75.0250015258789,102.17500305175781,68.2249984741211
2006-05-02,75.0999984741211,102.1500015258789,67.2249984741211
2006-05-03,75.125,101.69999694824219,67.375
2006-05-04,74.19999694824219,100.82499694824219,66.3499984741211
2006-05-05,73.8499984741211,99.80000305175781,67.4000015258789
2006-05-08,75.4000015258789,100.80000305175781,66.875
2006-05-09,74.875,100.32499694824219,67.5
2006-05-10,75.0999984741211,100.82499694824219,67.55000305175781
2006-05-11,76.44999694824219,101.82499694824219,67.69999694824219
2006-05-12,77.4000015258789,102.4000015258789,67.30000305175781
2006-05-15,77.8499984741211,103.05000305175781,66.5999984741211
2006-05-16,77.6500015258789,103.8499984741211,67.375
2006-05-17,77.7249984741211,103.55000305175781,67.69999694824219
2006-05-18,77.80000305175781,103.5,67.92500305175781
2006-05-19,77.2249984741211,103.05000305175781,68.1500015258789
2006-05-22,77.32499694824219,103.375,67.5250015258789
2006-05-23,77.625,103.32499694824219,66.05000305175781
2006-05-24,77.94999694824219,103.3499984741211,66.44999694824219
2006-05-25,78.42500305175781,103.4000015258789,65.94999694824219
2006-05-26,79.4000015258789,108.75,66.7750015258789
2006-05-30,80.05000305175781,109.42500305175781,67.69999694824219
2006-05-31,79.69999694824219,109.125,68.07499694824219
2006-06-01,79.9749984741211,109.9749984741211,69.5999984741211
2006-06-02,80.32499694824219,110.2249984741211,69.4000015258789
2006-06-05,80.17500305175781,109.57499694824219,70.125
2006-06-06,80.2249984741211,109.8499984741211,70.30000305175781
2006-06-07,80.3499984741211,109.4000015258789,71.42500305175781
2006-06-08,79.875,109.5999984741211,72.30000305175781
2006-06-09,78.5250015258789,108.5999984741211,72.94999694824219
2006-06-12,78.25,108.2249984741211,73.5250015258789
2006-06-13,78.05000305175781,108.80000305175781,75.0999984741211
2006-06-14,78.2249984741211,109.42500305175781,74.69999694824219
2006-06-15,80.94999694824219,112.3499984741211,75.4000015258789
2006-06-16,81.6500015258789,112.57499694824219,75.4749984741211
2006-06-19,82.5250015258789,113.19999694824219,76.92500305175781
2006-06-20,81.94999694824219,112.75,75.625
2006-06-21,81.75,113.19999694824219,74.5250015258789
2006-06-22,82.625,114.8499984741211,74.875
2006-06-23,82.875,115.1500015258789,73.2249984741211
2006-06-26,85.30000305175781,117.125,74.0
2006-06-27,86.07499694824219,117.55000305175781,73.8499984741211
2006-06-28,86.25,117.19999694824219,72.0250015258789
2006-06-29,83.8499984741211,115.0,72.0999984741211
2006-06-30,84.55000305175781,115.19999694824219,72.55000305175781
2006-07-03,86.3499984741211,116.375,72.875
2006-07-05,86.8499984741211,117.25,73.1500015258789
2006-07-06,85.94999694824219,116.05000305175781,73.32499694824219
2006-07-07,85.32499694824219,115.9000015258789,71.25
2006-07-10,84.19999694824219,114.125,70.5999984741211
2006-07-11,84.05000305175781,113.6500015258789,70.82499694824219
2006-07-12,83.9000015258789,113.7249984741211,70.57499694824219
2006-07-13,84.5999984741211,114.6500015258789,70.82499694824219
2006-07-14,84.0,114.2249984741211,70.125
2006-07-17,82.92500305175781,113.3499984741211,70.2249984741211
2006-07-18,82.69999694824219,113.55000305175781,68.19999694824219
2006-07-19,84.4000015258789,115.7249984741211,67.80000305175781
2006-07-20,83.8499984741211,115.2750015258789,67.4000015258789
2006-07-21,84.2750015258789,115.625,67.375
2006-07-24,82.67500305175781,113.3499984741211,67.69999694824219
2006-07-25,82.5,113.375,66.92500305175781
2006-07-26,84.2750015258789,114.5250015258789,67.0999984741211
2006-07-27,83.4749984741211,114.19999694824219,67.7750015258789
2006-07-28,83.3499984741211,114.1500015258789,68.6500015258789
2006-07-31,83.7249984741211,114.32499694824219,68.55000305175781
2006-08-01,83.75,114.42500305175781,68.5999984741211
2006-08-02,82.92500305175781,113.17500305175781,69.375
2006-08-03,82.875,113.82499694824219,69.0
2006-08-04,84.82499694824219,115.125,69.9749984741211
2006-08-07,85.42500305175781,116.0,71.42500305175781
2006-08-08,85.3499984741211,116.125,71.42500305175781
2006-08-09,86.30000305175781,116.07499694824219,70.75
2006-08-10,88.4749984741211,117.4000015258789,71.5250015258789
2006-08-11,88.80000305175781,117.3499984741211,71.82499694824219
2006-08-14,88.32499694824219,116.05000305175781,71.75
2006-08-15,87.75,115.625,63.150001525878906
2006-08-16,87.92500305175781,115.67500305175781,64.7750015258789
2006-08-17,87.0999984741211,115.57499694824219,65.7249984741211
2006-08-18,87.17500305175781,115.32499694824219,66.32499694824219
2006-08-21,87.5250015258789,116.375,67.05000305175781
2006-08-22,87.05000305175781,115.9749984741211,67.0
2006-08-23,87.19999694824219,115.9000015258789,66.17500305175781
2006-08-24,88.125,116.25,66.42500305175781
2006-08-25,88.6500015258789,116.5250015258789,65.0250015258789
2006-08-28,89.32499694824219,117.0250015258789,65.4000015258789
2006-08-29,89.4000015258789,117.17500305175781,65.375
2006-08-30,89.875,117.0999984741211,66.5999984741211
2006-08-31,90.2249984741211,116.94999694824219,66.9000015258789
2006-09-01,93.3499984741211,116.55000305175781,66.55000305175781
2006-09-05,94.5250015258789,117.67500305175781,68.07499694824219
2006-09-06,94.44999694824219,118.9749984741211,67.82499694824219
2006-09-07,93.75,119.2249984741211,67.07499694824219
2006-09-08,92.30000305175781,118.57499694824219,66.55000305175781
2006-09-11,91.8499984741211,118.6500015258789,67.0
2006-09-12,92.0999984741211,118.875,67.5
2006-09-13,90.32499694824219,117.8499984741211,65.92500305175781
2006-09-14,89.25,117.0,64.75
2006-09-15,90.125,117.55000305175781,66.0
2006-09-18,90.9000015258789,117.69999694824219,64.69999694824219
2006-09-19,90.125,117.19999694824219,64.92500305175781
2006-09-20,89.05000305175781,116.0250015258789,64.17500305175781
2006-09-21,89.75,116.42500305175781,63.849998474121094
2006-09-22,90.0999984741211,116.05000305175781,62.650001525878906
2006-09-25,90.7249984741211,115.69999694824219,62.125
2006-09-26,91.1500015258789,115.8499984741211,62.150001525878906
2006-09-27,91.0,115.67500305175781,62.150001525878906
2006-09-28,90.67500305175781,116.07499694824219,62.54999923706055
2006-09-29,90.6500015258789,112.9000015258789,63.625
2006-10-02,91.57499694824219,113.30000305175781,64.25
2006-10-03,90.6500015258789,113.3499984741211,64.5
2006-10-04,90.375,112.92500305175781,64.5250015258789
2006-10-05,91.3499984741211,113.44999694824219,65.3499984741211
2006-10-06,90.875,113.0250015258789,64.57499694824219
2006-10-09,89.19999694824219,110.75,64.3499984741211
2006-10-10,88.2750015258789,110.0999984741211,64.80000305175781
2006-10-11,88.3499984741211,109.25,64.6500015258789
2006-10-12,88.75,107.44999694824219,65.0250015258789
2006-10-13,88.44999694824219,107.1500015258789,65.1500015258789
2006-10-16,87.5999984741211,107.8499984741211,60.79999923706055
2006-10-17,87.92500305175781,106.75,59.724998474121094
2006-10-18,88.57499694824219,107.0999984741211,59.25
2006-10-19,87.875,106.69999694824219,58.67499923706055
2006-10-20,87.67500305175781,106.32499694824219,59.349998474121094
2006-10-23,89.3499984741211,106.57499694824219,60.025001525878906
2006-10-24,89.2249984741211,106.69999694824219,59.849998474121094
2006-10-25,89.4000015258789,106.69999694824219,61.474998474121094
2006-10-26,91.0999984741211,107.0,64.4749984741211
2006-10-27,89.82499694824219,103.57499694824219,64.5999984741211
2006-10-30,90.05000305175781,103.625,65.25
2006-10-31,90.4000015258789,103.9749984741211,64.94999694824219
2006-11-01,87.55000305175781,104.4000015258789,64.4000015258789
2006-11-02,86.75,101.9749984741211,64.5999984741211
2006-11-03,85.9000015258789,101.42500305175781,64.17500305175781
2006-11-06,85.55000305175781,100.3499984741211,64.5250015258789
2006-11-07,85.30000305175781,99.625,64.625
2006-11-08,85.44999694824219,98.94999694824219,65.30000305175781
2006-11-09,85.875,100.4749984741211,64.69999694824219
2006-11-10,85.69999694824219,98.80000305175781,62.974998474121094
2006-11-13,85.75,97.80000305175781,61.224998474121094
2006-11-14,85.8499984741211,97.1500015258789,61.67499923706055
2006-11-15,86.7249984741211,97.2249984741211,60.95000076293945
2006-11-16,88.125,97.625,62.04999923706055
2006-11-17,87.57499694824219,98.375,61.25
2006-11-20,87.42500305175781,97.67500305175781,62.04999923706055
2006-11-21,87.875,98.7750015258789,62.349998474121094
2006-11-22,87.75,99.19999694824219,62.20000076293945
2006-11-23,,,62.20000076293945
2006-11-24,87.6500015258789,98.5,62.974998474121094
2006-11-27,86.625,97.625,62.45000076293945
2006-11-28,86.375,98.57499694824219,61.17499923706055
2006-11-29,85.19999694824219,97.94999694824219,61.25
2006-11-30,85.69999694824219,97.875,61.67499923706055
2006-12-01,85.5,96.9749984741211,61.125
2006-12-04,85.19999694824219,97.2750015258789,60.75
2006-12-05,86.5,98.19999694824219,61.849998474121094
2006-12-06,86.3499984741211,99.07499694824219,61.525001525878906
2006-12-07,86.6500015258789,99.8499984741211,62.42499923706055
2006-12-08,86.94999694824219,100.42500305175781,62.32500076293945
2006-12-11,86.30000305175781,99.625,61.775001525878906
2006-12-12,85.7249984741211,98.42500305175781,61.45000076293945
2006-12-13,86.05000305175781,99.07499694824219,61.32500076293945
2006-12-14,85.44999694824219,97.4000015258789,61.07500076293945
2006-12-15,86.4000015258789,98.7249984741211,62.25
2006-12-18,86.82499694824219,100.0,61.875
2006-12-19,86.80000305175781,99.0,62.724998474121094
2006-12-20,87.375,98.8499984741211,62.45000076293945
2006-12-21,87.30000305175781,98.25,62.70000076293945
2006-12-22,87.0250015258789,97.32499694824219,63.04999923706055
2006-12-26,87.2249984741211,,62.349998474121094
2006-12-27,88.875,98.75,62.474998474121094
2006-12-28,89.67500305175781,99.30000305175781,62.04999923706055
2006-12-29,90.42500305175781,99.5999984741211,61.70000076293945
2007-01-02,92.5,99.5999984741211,
2007-01-03,93.0999984741211,99.8499984741211,59.5
2007-01-04,92.2249984741211,99.4749984741211,60.29999923706055
2007-01-05,92.57499694824219,98.6500015258789,60.400001525878906
2007-01-08,93.25,98.875,60.29999923706055
2007-01-09,92.30000305175781,98.19999694824219,59.75
2007-01-10,93.94999694824219,98.17500305175781,60.54999923706055
2007-01-11,93.5999984741211,97.57499694824219,60.5
2007-01-12,91.80000305175781,94.57499694824219,60.375
2007-01-16,92.2750015258789,94.30000305175781,60.625
2007-01-17,92.55000305175781,93.92500305175781,61.875
2007-01-18,92.4000015258789,95.2750015258789,61.79999923706055
2007-01-19,91.05000305175781,95.0,61.57500076293945
2007-01-22,90.25,94.42500305175781,60.95000076293945
2007-01-23,89.57499694824219,94.44999694824219,61.79999923706055
2007-01-24,89.8499984741211,94.69999694824219,62.82500076293945
2007-01-25,90.125,94.7249984741211,63.349998474121094
2007-01-26,90.2249984741211,94.0999984741211,63.875
2007-01-29,90.5999984741211,95.4000015258789,64.05000305175781
2007-01-30,89.92500305175781,94.8499984741211,63.57500076293945
2007-01-31,90.2249984741211,95.8499984741211,64.5250015258789
2007-02-01,89.82499694824219,94.7750015258789,64.7249984741211
2007-02-02,91.05000305175781,95.625,65.3499984741211
2007-02-05,91.6500015258789,97.19999694824219,64.67500305175781
2007-02-06,92.4749984741211,99.0250015258789,64.875
2007-02-07,93.6500015258789,99.3499984741211,65.07499694824219
2007-02-08,93.3499984741211,98.875,65.17500305175781
2007-02-09,93.19999694824219,98.7750015258789,66.2750015258789
2007-02-12,93.69999694824219,99.5,67.05000305175781
2007-02-13,94.4000015258789,100.7249984741211,67.17500305175781
2007-02-14,94.2249984741211,100.80000305175781,67.125
2007-02-15,94.125,100.44999694824219,68.69999694824219
2007-02-16,93.9000015258789,100.17500305175781,68.5
2007-02-20,92.67500305175781,99.625,66.8499984741211
2007-02-21,93.4749984741211,100.0250015258789,66.9749984741211
2007-02-22,93.4749984741211,99.2249984741211,67.0250015258789
2007-02-23,94.17500305175781,99.32499694824219,66.75
2007-02-26,94.9749984741211,101.05000305175781,66.875
2007-02-27,94.75,101.75,67.42500305175781
2007-02-28,94.44999694824219,101.5999984741211,67.75
2007-03-01,96.1500015258789,102.4000015258789,66.125
2007-03-02,97.6500015258789,103.9000015258789,66.3499984741211
2007-03-05,97.3499984741211,103.7750015258789,65.0
2007-03-06,97.5999984741211,103.375,65.0
2007-03-07,98.55000305175781,103.375,65.67500305175781
2007-03-08,101.0250015258789,104.8499984741211,67.75
2007-03-09,101.44999694824219,105.1500015258789,67.94999694824219
2007-03-12,102.0250015258789,105.7750015258789,67.94999694824219
2007-03-13,100.0999984741211,105.6500015258789,67.44999694824219
2007-03-14,99.9749984741211,105.92500305175781,66.2249984741211
2007-03-15,99.05000305175781,105.875,65.875
2007-03-16,97.0999984741211,104.82499694824219,64.4000015258789
2007-03-19,97.80000305175781,105.125,64.375
2007-03-20,97.5999984741211,104.19999694824219,64.07499694824219
2007-03-21,97.7249984741211,103.5999984741211,63.375
2007-03-22,98.4000015258789,104.0999984741211,63.79999923706055
2007-03-23,98.0999984741211,104.3499984741211,63.57500076293945
2007-03-26,98.05000305175781,105.32499694824219,63.79999923706055
2007-03-27,96.82499694824219,105.0999984741211,63.375
2007-03-28,96.17500305175781,105.30000305175781,63.400001525878906
2007-03-29,96.375,105.625,63.5
2007-03-30,97.5999984741211,108.75,63.849998474121094
2007-04-02,99.0,110.19999694824219,65.0250015258789
2007-04-03,98.5250015258789,110.57499694824219,65.375
2007-04-04,99.05000305175781,110.80000305175781,65.375
2007-04-05,100.44999694824219,111.125,65.17500305175781
2007-04-09,100.9000015258789,111.9000015258789,65.0250015258789
2007-04-10,100.2750015258789,110.94999694824219,64.7750015258789
2007-04-11,99.92500305175781,110.0999984741211,64.75
2007-04-12,97.3499984741211,107.8499984741211,65.1500015258789
2007-04-13,97.05000305175781,107.25,65.4749984741211
2007-04-16,97.30000305175781,107.7249984741211,65.55000305175781
2007-04-17,97.6500015258789,107.8499984741211,76.4000015258789
2007-04-18,97.125,107.2750015258789,75.80000305175781
2007-04-19,96.44999694824219,107.30000305175781,76.67500305175781
2007-04-20,95.625,107.05000305175781,76.57499694824219
2007-04-23,97.42500305175781,107.44999694824219,76.6500015258789
2007-04-24,96.9000015258789,107.0999984741211,75.8499984741211
2007-04-25,96.94999694824219,106.8499984741211,76.2249984741211
2007-04-26,96.55000305175781,106.80000305175781,75.07499694824219
2007-04-27,97.19999694824219,108.55000305175781,74.44999694824219
2007-04-30,97.2750015258789,109.55000305175781,75.5999984741211
2007-05-01,93.875,109.75,76.05000305175781
2007-05-02,93.8499984741211,109.67500305175781,75.57499694824219
2007-05-03,91.7249984741211,106.94999694824219,74.94999694824219
2007-05-04,92.17500305175781,107.1500015258789,75.25
2007-05-07,91.94999694824219,107.5,75.375
2007-05-08,92.32499694824219,108.32499694824219,74.5
2007-05-09,92.4000015258789,108.9000015258789,73.875
2007-05-10,92.69999694824219,108.9000015258789,73.44999694824219
2007-05-11,93.4000015258789,109.69999694824219,73.55000305175781
2007-05-14,93.19999694824219,109.55000305175781,73.4749984741211
2007-05-15,93.125,109.3499984741211,74.55000305175781
2007-05-16,92.94999694824219,109.32499694824219,75.5999984741211
2007-05-17,92.42500305175781,109.3499984741211,75.625
2007-05-18,92.6500015258789,109.125,75.4000015258789
2007-05-21,93.5999984741211,108.92500305175781,75.32499694824219
2007-05-22,92.5,108.6500015258789,74.6500015258789
2007-05-23,91.8499984741211,108.32499694824219,74.625
2007-05-24,91.0999984741211,108.07499694824219,74.94999694824219
2007-05-25,91.05000305175781,110.94999694824219,74.7249984741211
2007-05-29,91.0,111.55000305175781,74.92500305175781
2007-05-30,90.69999694824219,110.3499984741211,75.2750015258789
2007-05-31,91.1500015258789,111.42500305175781,75.07499694824219
2007-06-01,90.80000305175781,110.25,74.875
2007-06-04,91.125,111.0250015258789,74.55000305175781
2007-06-05,91.0250015258789,110.875,74.6500015258789
2007-06-06,90.0,109.7750015258789,73.3499984741211
2007-06-07,89.67500305175781,108.8499984741211,73.0999984741211
2007-06-08,89.7249984741211,108.19999694824219,72.875
2007-06-11,90.6500015258789,107.55000305175781,72.67500305175781
2007-06-12,90.44999694824219,108.125,73.0250015258789
2007-06-13,89.6500015258789,106.5999984741211,72.7750015258789
2007-06-14,90.5999984741211,107.57499694824219,72.69999694824219
2007-06-15,90.55000305175781,106.94999694824219,76.44999694824219
2007-06-18,90.625,106.7249984741211,75.69999694824219
2007-06-19,90.0999984741211,108.44999694824219,75.17500305175781
2007-06-20,88.75,108.0999984741211,74.7249984741211
2007-06-21,87.9749984741211,108.0999984741211,74.80000305175781
2007-06-22,87.80000305175781,108.4000015258789,74.0250015258789
2007-06-25,87.5,108.55000305175781,74.0999984741211
2007-06-26,85.55000305175781,107.6500015258789,72.67500305175781
2007-06-27,85.30000305175781,108.57499694824219,72.32499694824219
2007-06-28,86.92500305175781,109.7750015258789,71.9000015258789
2007-06-29,85.5,111.55000305175781,71.2249984741211
2007-07-02,89.67500305175781,110.94999694824219,70.4749984741211
2007-07-03,89.9749984741211,111.55000305175781,71.07499694824219
2007-07-05,90.69999694824219,112.17500305175781,72.125
2007-07-06,92.5,114.69999694824219,71.32499694824219
2007-07-09,92.5250015258789,114.4749984741211,70.55000305175781
2007-07-10,91.9749984741211,114.0250015258789,70.32499694824219
2007-07-11,92.25,114.625,69.82499694824219
2007-07-12,92.125,114.30000305175781,69.6500015258789
2007-07-13,91.625,113.8499984741211,69.0250015258789
2007-07-16,91.3499984741211,115.1500015258789,69.19999694824219
2007-07-17,91.42500305175781,115.82499694824219,74.0250015258789
2007-07-18,91.375,115.4000015258789,73.8499984741211
2007-07-19,90.82499694824219,115.44999694824219,73.5999984741211
2007-07-20,90.82499694824219,115.5,73.875
2007-07-23,91.9749984741211,116.69999694824219,74.55000305175781
2007-07-24,92.625,116.5,74.1500015258789
2007-07-25,92.07499694824219,115.8499984741211,74.0999984741211
2007-07-26,92.0250015258789,116.3499984741211,73.1500015258789
2007-07-27,93.625,117.125,72.7750015258789
2007-07-30,94.2750015258789,116.9749984741211,73.2249984741211
2007-07-31,94.875,117.3499984741211,73.32499694824219
2007-08-01,93.42500305175781,116.9749984741211,72.32499694824219
2007-08-02,92.92500305175781,115.92500305175781,73.125
2007-08-03,93.5999984741211,115.92500305175781,74.375
2007-08-06,93.375,116.25,74.57499694824219
2007-08-07,91.9000015258789,114.7249984741211,75.07499694824219
2007-08-08,91.375,114.57499694824219,74.82499694824219
2007-08-09,90.80000305175781,114.94999694824219,73.92500305175781
2007-08-10,90.2249984741211,114.9749984741211,73.42500305175781
2007-08-13,90.75,115.5250015258789,73.94999694824219
2007-08-14,91.0250015258789,115.69999694824219,74.0
2007-08-15,92.125,116.17500305175781,68.57499694824219
2007-08-16,90.4000015258789,115.55000305175781,66.9749984741211
2007-08-17,91.94999694824219,116.42500305175781,67.2750015258789
2007-08-20,91.94999694824219,116.44999694824219,67.0999984741211
2007-08-21,92.875,116.07499694824219,68.19999694824219
2007-08-22,92.2750015258789,115.9749984741211,67.80000305175781
2007-08-23,93.6500015258789,116.75,68.4749984741211
2007-08-24,94.375,117.57499694824219,70.6500015258789
2007-08-27,94.19999694824219,117.7750015258789,67.69999694824219
2007-08-28,94.4000015258789,118.0,67.9000015258789
2007-08-29,94.6500015258789,118.05000305175781,67.75
2007-08-30,94.57499694824219,117.625,67.8499984741211
2007-08-31,94.0999984741211,117.5250015258789,66.82499694824219
2007-09-04,97.625,118.9000015258789,67.07499694824219
2007-09-05,97.05000305175781,119.0999984741211,65.9000015258789
2007-09-06,96.80000305175781,119.4749984741211,66.0
2007-09-07,96.0999984741211,118.80000305175781,66.30000305175781
2007-09-10,95.69999694824219,118.875,66.44999694824219
2007-09-11,95.69999694824219,118.5250015258789,65.8499984741211
2007-09-12,94.7249984741211,116.8499984741211,65.19999694824219
2007-09-13,94.67500305175781,116.94999694824219,65.4000015258789
2007-09-14,95.25,116.82499694824219,65.55000305175781
2007-09-17,94.9749984741211,115.67500305175781,65.0250015258789
2007-09-18,95.6500015258789,116.0250015258789,63.875
2007-09-19,95.5,116.07499694824219,63.20000076293945
2007-09-20,95.30000305175781,115.8499984741211,62.375
2007-09-21,96.69999694824219,116.4000015258789,61.349998474121094
2007-09-24,97.6500015258789,116.1500015258789,61.525001525878906
2007-09-25,97.57499694824219,115.82499694824219,61.0
2007-09-26,97.25,115.8499984741211,60.29999923706055
2007-09-27,96.9000015258789,116.07499694824219,58.900001525878906
2007-09-28,96.94999694824219,116.30000305175781,58.900001525878906
2007-10-01,96.2249984741211,115.07499694824219,58.150001525878906
2007-10-02,95.7249984741211,115.92500305175781,58.20000076293945
2007-10-03,95.0999984741211,114.9000015258789,58.67499923706055
2007-10-04,95.3499984741211,115.0,58.650001525878906
2007-10-05,93.67500305175781,113.94999694824219,58.224998474121094
2007-10-08,93.7249984741211,113.8499984741211,57.67499923706055
2007-10-09,93.9000015258789,113.25,57.474998474121094
2007-10-10,94.0999984741211,113.19999694824219,57.375
2007-10-11,94.67500305175781,114.3499984741211,57.54999923706055
2007-10-12,94.44999694824219,113.375,57.625
2007-10-15,95.1500015258789,113.0999984741211,58.32500076293945
2007-10-16,95.25,112.5,57.724998474121094
2007-10-17,95.0,112.07499694824219,57.0
2007-10-18,95.4000015258789,112.25,57.375
2007-10-19,95.30000305175781,111.5,56.92499923706055
2007-10-22,96.05000305175781,111.44999694824219,56.900001525878906
2007-10-23,95.9749984741211,111.3499984741211,56.275001525878906
2007-10-24,95.125,111.0999984741211,55.349998474121094
2007-10-25,95.4000015258789,110.9000015258789,54.599998474121094
2007-10-26,94.375,109.05000305175781,54.525001525878906
2007-10-29,94.0250015258789,109.25,54.474998474121094
2007-10-30,94.375,109.94999694824219,53.900001525878906
2007-10-31,94.80000305175781,108.44999694824219,53.875
2007-11-01,94.0999984741211,108.625,52.25
2007-11-02,94.7249984741211,108.3499984741211,52.42499923706055
2007-11-05,95.8499984741211,109.125,52.025001525878906
2007-11-06,95.75,108.2249984741211,51.125
2007-11-07,94.875,107.75,51.474998474121094
2007-11-08,95.4000015258789,107.75,51.474998474121094
2007-11-09,95.5,107.94999694824219,53.900001525878906
2007-11-12,95.0999984741211,108.42500305175781,52.54999923706055
2007-11-13,95.57499694824219,108.9000015258789,54.04999923706055
2007-11-14,95.57499694824219,108.67500305175781,52.95000076293945
2007-11-15,95.32499694824219,108.8499984741211,52.79999923706055
2007-11-16,95.30000305175781,109.125,52.525001525878906
2007-11-19,95.17500305175781,108.82499694824219,52.0
2007-11-20,96.17500305175781,109.57499694824219,54.82500076293945
2007-11-21,96.3499984741211,109.9000015258789,55.75
2007-11-23,96.7750015258789,110.69999694824219,55.599998474121094
2007-11-26,96.9000015258789,110.94999694824219,55.599998474121094
2007-11-27,96.0999984741211,110.57499694824219,54.54999923706055
2007-11-28,95.0,109.57499694824219,54.875
2007-11-29,94.57499694824219,109.07499694824219,54.775001525878906
2007-11-30,93.8499984741211,107.69999694824219,54.900001525878906
2007-12-03,94.2249984741211,108.05000305175781,54.70000076293945
2007-12-04,94.2750015258789,107.0,54.29999923706055
2007-12-05,93.7249984741211,106.25,55.375
2007-12-06,93.8499984741211,106.3499984741211,55.150001525878906
2007-12-07,94.0250015258789,105.94999694824219,55.474998474121094
2007-12-10,94.4000015258789,106.125,55.82500076293945
2007-12-11,94.30000305175781,105.9749984741211,55.20000076293945
2007-12-12,93.5250015258789,105.19999694824219,55.17499923706055
2007-12-13,91.9749984741211,103.80000305175781,55.17499923706055
2007-12-14,92.5999984741211,103.80000305175781,55.099998474121094
2007-12-17,92.875,103.67500305175781,59.25
2007-12-18,93.17500305175781,105.1500015258789,59.82500076293945
2007-12-19,92.5250015258789,104.19999694824219,60.099998474121094
2007-12-20,92.375,103.94999694824219,59.900001525878906
2007-12-21,92.0999984741211,103.82499694824219,59.724998474121094
2007-12-24,91.0999984741211,103.57499694824219,59.79999923706055
2007-12-26,90.75,103.5,59.974998474121094
2007-12-27,93.2249984741211,104.375,59.275001525878906
2007-12-28,93.5,104.32499694824219,57.29999923706055
2007-12-31,96.25,105.0999984741211,57.875
2008-01-02,96.25,104.42500305175781,57.17499923706055
2008-01-03,94.7750015258789,101.80000305175781,56.474998474121094
2008-01-04,94.55000305175781,100.32499694824219,56.400001525878906
2008-01-07,94.5999984741211,100.42500305175781,55.70000076293945
2008-01-08,94.07499694824219,100.2249984741211,55.875
2008-01-09,93.2750015258789,100.1500015258789,56.525001525878906
2008-01-10,93.19999694824219,101.75,55.525001525878906
2008-01-11,91.3499984741211,99.5,54.0
2008-01-14,90.9000015258789,98.42500305175781,54.099998474121094
2008-01-15,90.80000305175781,97.80000305175781,54.650001525878906
2008-01-16,90.05000305175781,96.9749984741211,54.45000076293945
2008-01-17,90.9000015258789,97.05000305175781,55.20000076293945
2008-01-18,91.0,97.67500305175781,54.974998474121094
2008-01-22,91.0250015258789,98.05000305175781,55.275001525878906
2008-01-23,90.44999694824219,98.3499984741211,55.25
2008-01-24,91.125,98.80000305175781,56.0
2008-01-25,91.4000015258789,98.5999984741211,56.20000076293945
2008-01-28,90.75,99.55000305175781,57.25
2008-01-29,91.1500015258789,99.55000305175781,58.0
2008-01-30,91.4000015258789,99.6500015258789,58.45000076293945
2008-01-31,90.9000015258789,99.69999694824219,58.474998474121094
2008-02-01,90.2249984741211,105.44999694824219,59.875
2008-02-04,90.5250015258789,104.75,59.775001525878906
2008-02-05,91.5,105.5,59.20000076293945
2008-02-06,91.44999694824219,104.92500305175781,58.95000076293945
2008-02-07,92.67500305175781,105.8499984741211,58.54999923706055
2008-02-08,92.19999694824219,105.0250015258789,58.07500076293945
2008-02-11,92.17500305175781,105.9000015258789,57.849998474121094
2008-02-12,91.92500305175781,105.75,58.57500076293945
2008-02-13,91.5,104.94999694824219,58.125
2008-02-14,91.5250015258789,104.42500305175781,58.375
2008-02-15,91.4000015258789,104.625,64.19999694824219
2008-02-19,91.375,104.9000015258789,64.5250015258789
2008-02-20,92.07499694824219,105.6500015258789,65.07499694824219
2008-02-21,91.92500305175781,105.07499694824219,64.0
2008-02-22,92.0,103.92500305175781,63.5
2008-02-25,92.5999984741211,104.19999694824219,60.5
2008-02-26,93.25,104.7750015258789,60.75
2008-02-27,93.2249984741211,105.0999984741211,60.974998474121094
2008-02-28,93.55000305175781,104.6500015258789,61.25
2008-02-29,,103.6500015258789,59.95000076293945
2008-03-03,92.6500015258789,101.67500305175781,58.79999923706055
2008-03-04,91.19999694824219,101.6500015258789,56.849998474121094
2008-03-05,90.5999984741211,100.9000015258789,56.775001525878906
2008-03-06,89.94999694824219,99.80000305175781,57.400001525878906
2008-03-07,90.5250015258789,100.5999984741211,57.849998474121094
2008-03-10,89.75,100.19999694824219,57.724998474121094
2008-03-11,89.9000015258789,99.75,58.29999923706055
2008-03-12,90.32499694824219,99.7750015258789,57.75
2008-03-13,89.55000305175781,99.44999694824219,57.20000076293945
2008-03-14,90.5,99.30000305175781,55.025001525878906
2008-03-17,89.2249984741211,99.0999984741211,55.92499923706055
2008-03-18,90.94999694824219,99.44999694824219,55.57500076293945
2008-03-19,89.625,99.3499984741211,54.95000076293945
2008-03-20,90.67500305175781,99.125,56.32500076293945
2008-03-24,90.42500305175781,103.2750015258789,56.29999923706055
2008-03-25,91.1500015258789,103.0999984741211,57.900001525878906
2008-03-26,90.1500015258789,102.1500015258789,57.42499923706055
2008-03-27,88.625,100.7750015258789,57.974998474121094
2008-03-28,87.6500015258789,100.42500305175781,58.099998474121094
2008-03-31,87.42500305175781,99.30000305175781,57.07500076293945
2008-04-01,87.4000015258789,99.125,56.0
2008-04-02,86.19999694824219,97.5999984741211,55.599998474121094
2008-04-03,87.69999694824219,98.69999694824219,57.625
2008-04-04,87.9000015258789,98.5999984741211,58.525001525878906
2008-04-07,87.875,99.0,58.900001525878906
2008-04-08,87.875,99.57499694824219,59.150001525878906
2008-04-09,86.7750015258789,98.25,59.42499923706055
2008-04-10,88.4749984741211,99.125,59.17499923706055
2008-04-11,88.69999694824219,99.5,58.95000076293945
2008-04-14,89.1500015258789,99.55000305175781,58.775001525878906
2008-04-15,89.4749984741211,100.1500015258789,71.6500015258789
2008-04-16,90.05000305175781,100.4000015258789,71.7249984741211
2008-04-17,90.32499694824219,101.82499694824219,71.5
2008-04-18,89.55000305175781,101.5,72.7249984741211
2008-04-21,90.0250015258789,101.55000305175781,72.67500305175781
2008-04-22,90.82499694824219,101.69999694824219,72.9749984741211
2008-04-23,91.69999694824219,101.75,74.25
2008-04-24,92.25,101.80000305175781,74.6500015258789
2008-04-25,92.2750015258789,107.75,76.07499694824219
2008-04-28,92.4000015258789,106.7249984741211,75.75
2008-04-29,92.17500305175781,105.3499984741211,73.75
2008-04-30,91.6500015258789,105.9749984741211,73.75
2008-05-01,91.44999694824219,104.94999694824219,72.55000305175781
2008-05-02,92.125,105.6500015258789,73.4000015258789
2008-05-05,91.19999694824219,105.25,74.9749984741211
2008-05-06,91.82499694824219,105.55000305175781,76.82499694824219
2008-05-07,91.82499694824219,105.7249984741211,77.875
2008-05-08,93.6500015258789,106.7750015258789,79.375
2008-05-09,94.5250015258789,107.3499984741211,80.2249984741211
2008-05-12,94.30000305175781,107.92500305175781,80.4749984741211
2008-05-13,94.3499984741211,108.75,82.25
2008-05-14,94.625,108.44999694824219,82.30000305175781
2008-05-15,94.3499984741211,108.5999984741211,77.07499694824219
2008-05-16,93.875,108.4749984741211,76.3499984741211
2008-05-19,93.0999984741211,107.875,76.125
2008-05-20,93.6500015258789,107.92500305175781,76.55000305175781
2008-05-21,94.625,108.05000305175781,76.5
2008-05-22,95.1500015258789,107.875,76.94999694824219
2008-05-23,96.17500305175781,115.2249984741211,77.8499984741211
2008-05-27,96.69999694824219,115.25,76.94999694824219
2008-05-28,96.7249984741211,115.80000305175781,76.75
2008-05-29,95.94999694824219,115.44999694824219,76.17500305175781
2008-05-30,96.5250015258789,116.0250015258789,77.75
2008-06-02,95.4000015258789,113.69999694824219,76.32499694824219
2008-06-03,94.32499694824219,113.7750015258789,76.0250015258789
2008-06-04,94.25,113.7249984741211,75.375
2008-06-05,94.5,112.82499694824219,75.32499694824219
2008-06-06,93.8499984741211,112.25,75.125
2008-06-09,93.17500305175781,110.67500305175781,73.9749984741211
2008-06-10,93.5,110.9749984741211,73.7249984741211
2008-06-11,94.44999694824219,108.82499694824219,73.9749984741211
2008-06-12,94.82499694824219,109.05000305175781,73.4749984741211
2008-06-13,95.57499694824219,109.1500015258789,73.4000015258789
2008-06-16,96.7249984741211,109.6500015258789,72.875
2008-06-17,96.32499694824219,110.32499694824219,74.625
2008-06-18,96.125,110.5,74.8499984741211
2008-06-19,95.17500305175781,111.0999984741211,74.2750015258789
2008-06-20,95.44999694824219,111.0,77.1500015258789
2008-06-23,96.6500015258789,113.05000305175781,76.25
2008-06-24,97.69999694824219,113.4749984741211,74.9000015258789
2008-06-25,98.05000305175781,112.55000305175781,73.9000015258789
2008-06-26,98.0,111.44999694824219,73.25
2008-06-27,100.9749984741211,111.7249984741211,73.19999694824219
2008-06-30,100.9749984741211,111.7249984741211,73.19999694824219
2008-07-01,103.32499694824219,112.17500305175781,70.9000015258789
2008-07-02,104.0,112.1500015258789,71.82499694824219
2008-07-03,103.80000305175781,111.57499694824219,72.2750015258789
2008-07-07,102.30000305175781,111.0250015258789,72.4000015258789
2008-07-08,102.0999984741211,111.5250015258789,71.80000305175781
2008-07-09,102.55000305175781,112.9000015258789,72.67500305175781
2008-07-10,102.05000305175781,112.6500015258789,73.94999694824219
2008-07-11,101.19999694824219,111.7249984741211,74.9749984741211
2008-07-14,99.125,110.17500305175781,74.80000305175781
2008-07-15,99.5999984741211,111.44999694824219,74.625
2008-07-16,98.5999984741211,111.125,76.57499694824219
2008-07-17,97.4000015258789,111.55000305175781,76.69999694824219
2008-07-18,97.5,113.875,76.9000015258789
2008-07-21,98.5,114.6500015258789,77.57499694824219
2008-07-22,97.5999984741211,113.875,78.75
2008-07-23,98.1500015258789,112.5999984741211,78.4000015258789
2008-07-24,98.55000305175781,112.375,79.7249984741211
2008-07-25,97.82499694824219,111.75,78.5999984741211
2008-07-28,97.07499694824219,111.1500015258789,78.55000305175781
2008-07-29,97.55000305175781,112.2750015258789,78.0250015258789
2008-07-30,97.875,112.5250015258789,78.875
2008-07-31,98.4000015258789,113.80000305175781,79.625
2008-08-01,100.0250015258789,115.625,81.57499694824219
2008-08-04,100.17500305175781,115.42500305175781,82.25
2008-08-05,100.2249984741211,115.3499984741211,82.7750015258789
2008-08-06,102.3499984741211,115.5,84.4000015258789
2008-08-07,101.44999694824219,114.07499694824219,85.9749984741211
2008-08-08,101.4749984741211,114.625,88.9749984741211
2008-08-11,102.30000305175781,114.9749984741211,89.9749984741211
2008-08-12,102.7750015258789,115.1500015258789,88.5
2008-08-13,103.17500305175781,114.05000305175781,88.2249984741211
2008-08-14,103.3499984741211,114.17500305175781,88.57499694824219
2008-08-15,101.67500305175781,113.9000015258789,75.55000305175781
2008-08-18,101.92500305175781,113.6500015258789,75.80000305175781
2008-08-19,100.69999694824219,112.69999694824219,75.25
2008-08-20,100.69999694824219,113.07499694824219,75.0999984741211
2008-08-21,101.44999694824219,112.82499694824219,74.7750015258789
2008-08-22,101.8499984741211,112.8499984741211,73.75
2008-08-25,102.0,113.0999984741211,74.0
2008-08-26,101.69999694824219,113.0250015258789,73.5
2008-08-27,100.625,112.94999694824219,70.5
2008-08-28,101.07499694824219,112.4000015258789,68.5250015258789
2008-08-29,101.7750015258789,111.1500015258789,68.42500305175781
2008-09-02,103.75,111.7750015258789,69.55000305175781
2008-09-03,103.1500015258789,110.55000305175781,68.6500015258789
2008-09-04,103.30000305175781,110.7750015258789,69.0250015258789
2008-09-05,102.94999694824219,111.125,69.42500305175781
2008-09-08,103.05000305175781,111.30000305175781,68.8499984741211
2008-09-09,102.6500015258789,110.8499984741211,66.9000015258789
2008-09-10,101.6500015258789,109.8499984741211,67.5
2008-09-11,102.05000305175781,109.6500015258789,68.625
2008-09-12,102.1500015258789,109.9000015258789,66.0999984741211
2008-09-15,103.75,109.69999694824219,67.3499984741211
2008-09-16,102.75,108.9000015258789,67.4749984741211
2008-09-17,102.5999984741211,108.0,68.2750015258789
2008-09-18,100.5,107.30000305175781,67.82499694824219
2008-09-19,101.55000305175781,108.25,68.19999694824219
2008-09-22,102.44999694824219,108.1500015258789,68.6500015258789
2008-09-23,102.19999694824219,107.5999984741211,68.44999694824219
2008-09-24,102.17500305175781,107.69999694824219,68.94999694824219
2008-09-25,100.94999694824219,107.875,69.2750015258789
2008-09-26,100.94999694824219,105.80000305175781,69.625
2008-09-29,98.05000305175781,102.80000305175781,68.55000305175781
2008-09-30,98.9000015258789,104.0,68.57499694824219
2008-10-01,98.57499694824219,103.55000305175781,67.7249984741211
2008-10-02,95.69999694824219,100.57499694824219,65.94999694824219
2008-10-03,95.5999984741211,100.67500305175781,66.42500305175781
2008-10-06,92.5999984741211,97.67500305175781,66.4749984741211
2008-10-07,93.4000015258789,99.19999694824219,66.9000015258789
2008-10-08,92.44999694824219,98.9000015258789,67.875
2008-10-09,92.125,98.44999694824219,66.9749984741211
2008-10-10,89.125,95.44999694824219,66.0
2008-10-13,91.0,96.94999694824219,65.9749984741211
2008-10-14,91.5250015258789,97.19999694824219,65.625
2008-10-15,89.2249984741211,96.4000015258789,58.07500076293945
2008-10-16,89.44999694824219,96.80000305175781,55.974998474121094
2008-10-17,91.05000305175781,98.4000015258789,56.29999923706055
2008-10-20,90.82499694824219,98.6500015258789,56.25
2008-10-21,91.82499694824219,99.2750015258789,57.775001525878906
2008-10-22,91.1500015258789,98.9749984741211,57.650001525878906
2008-10-23,89.75,97.7750015258789,57.92499923706055
2008-10-24,87.8499984741211,96.1500015258789,58.5
2008-10-27,88.92500305175781,95.9000015258789,58.54999923706055
2008-10-28,89.75,95.55000305175781,58.04999923706055
2008-10-29,91.6500015258789,95.80000305175781,57.57500076293945
2008-10-30,93.5,96.07499694824219,56.0
2008-10-31,93.75,98.625,54.79999923706055
2008-11-03,93.32499694824219,99.69999694824219,54.400001525878906
2008-11-04,93.8499984741211,100.5,54.42499923706055
2008-11-05,94.2750015258789,100.6500015258789,54.474998474121094
2008-11-06,93.30000305175781,98.875,54.82500076293945
2008-11-07,92.80000305175781,98.94999694824219,55.400001525878906
2008-11-10,92.6500015258789,99.0,55.0
2008-11-11,91.5999984741211,98.19999694824219,54.974998474121094
2008-11-12,90.5250015258789,96.8499984741211,55.45000076293945
2008-11-13,90.55000305175781,97.17500305175781,56.20000076293945
2008-11-14,90.05000305175781,96.69999694824219,55.57500076293945
2008-11-17,88.30000305175781,96.0250015258789,55.29999923706055
2008-11-18,87.1500015258789,95.75,55.45000076293945
2008-11-19,84.19999694824219,95.57499694824219,55.92499923706055
2008-11-20,85.80000305175781,94.80000305175781,56.79999923706055
2008-11-21,84.9000015258789,89.4000015258789,56.875
2008-11-24,86.6500015258789,91.4000015258789,57.375
2008-11-25,85.82499694824219,91.4000015258789,57.724998474121094
2008-11-26,87.42500305175781,92.19999694824219,58.67499923706055
2008-11-28,87.375,91.69999694824219,59.5
2008-12-01,85.44999694824219,89.625,58.724998474121094
2008-12-02,84.3499984741211,89.0,58.375
2008-12-03,83.82499694824219,88.3499984741211,57.57500076293945
2008-12-04,83.07499694824219,88.0999984741211,57.099998474121094
2008-12-05,81.55000305175781,86.6500015258789,57.45000076293945
2008-12-08,83.0999984741211,87.9000015258789,56.974998474121094
2008-12-09,82.5999984741211,86.55000305175781,57.275001525878906
2008-12-10,83.9749984741211,87.3499984741211,56.875
2008-12-11,84.4749984741211,87.5999984741211,56.150001525878906
2008-12-12,83.32499694824219,87.17500305175781,56.025001525878906
2008-12-15,84.1500015258789,88.125,62.57500076293945
2008-12-16,86.57499694824219,91.125,62.45000076293945
2008-12-17,86.44999694824219,93.44999694824219,62.625
2008-12-18,84.69999694824219,92.4000015258789,62.474998474121094
2008-12-19,86.0999984741211,93.5,61.70000076293945
2008-12-22,85.9749984741211,93.375,60.900001525878906
2008-12-23,85.6500015258789,93.5999984741211,61.20000076293945
2008-12-24,87.4749984741211,94.875,60.849998474121094
2008-12-26,85.9000015258789,92.82499694824219,58.95000076293945
2008-12-29,85.9749984741211,93.44999694824219,59.150001525878906
2008-12-30,85.875,93.9749984741211,59.724998474121094
2008-12-31,84.4749984741211,94.05000305175781,60.875
2009-01-02,87.0999984741211,95.5999984741211,63.849998474121094
2009-01-05,87.55000305175781,97.0,62.67499923706055
2009-01-06,88.55000305175781,96.125,63.95000076293945
2009-01-07,85.7750015258789,94.5,63.54999923706055
2009-01-08,83.1500015258789,93.5,62.42499923706055
2009-01-09,83.0999984741211,94.0999984741211,62.45000076293945
2009-01-12,82.9000015258789,95.19999694824219,61.474998474121094
2009-01-13,84.07499694824219,96.3499984741211,61.45000076293945
2009-01-14,83.3499984741211,95.69999694824219,59.92499923706055
2009-01-15,84.3499984741211,95.0,59.82500076293945
2009-01-16,84.5250015258789,95.0,59.95000076293945
2009-01-20,82.625,93.0,59.724998474121094
2009-01-21,82.3499984741211,92.875,59.32500076293945
2009-01-22,82.2750015258789,93.4749984741211,59.650001525878906
2009-01-23,82.67500305175781,93.6500015258789,58.92499923706055
2009-01-26,82.3499984741211,93.75,58.0
2009-01-27,81.2750015258789,94.0999984741211,55.75
2009-01-28,81.17500305175781,94.19999694824219,56.724998474121094
2009-01-29,81.0999984741211,94.2750015258789,57.0
2009-01-30,82.0,91.0,58.54999923706055
2009-02-02,83.9000015258789,94.0,57.95000076293945
2009-02-03,83.5250015258789,93.42500305175781,57.599998474121094
2009-02-04,83.17500305175781,93.42500305175781,57.224998474121094
2009-02-05,83.625,94.125,56.5
2009-02-06,83.6500015258789,94.3499984741211,56.349998474121094
2009-02-09,84.69999694824219,95.55000305175781,56.04999923706055
2009-02-10,84.7750015258789,95.69999694824219,56.75
2009-02-11,84.5250015258789,95.4000015258789,57.599998474121094
2009-02-12,84.3499984741211,95.1500015258789,58.82500076293945
2009-02-13,84.05000305175781,94.4749984741211,58.82500076293945
2009-02-17,81.25,91.625,61.04999923706055
2009-02-18,79.92500305175781,89.0250015258789,60.79999923706055
2009-02-19,81.19999694824219,90.625,60.57500076293945
2009-02-20,80.67500305175781,88.375,57.95000076293945
2009-02-23,81.0999984741211,88.75,58.224998474121094
2009-02-24,82.19999694824219,90.75,57.70000076293945
2009-02-25,81.94999694824219,90.5999984741211,59.099998474121094
2009-02-26,82.94999694824219,92.30000305175781,58.974998474121094
2009-02-27,82.5250015258789,92.5999984741211,60.900001525878906
2009-03-02,83.94999694824219,91.44999694824219,60.275001525878906
2009-03-03,84.2249984741211,91.9749984741211,60.849998474121094
2009-03-04,84.6500015258789,93.0250015258789,62.32500076293945
2009-03-05,83.9000015258789,92.19999694824219,62.42499923706055
2009-03-06,82.44999694824219,90.5,62.5
2009-03-09,83.19999694824219,90.7249984741211,62.42499923706055
2009-03-10,82.875,90.55000305175781,60.525001525878906
2009-03-11,82.55000305175781,90.0,60.32500076293945
2009-03-12,83.9000015258789,90.9000015258789,62.224998474121094
2009-03-13,84.6500015258789,91.94999694824219,63.20000076293945
2009-03-16,84.44999694824219,91.69999694824219,62.75
2009-03-17,84.30000305175781,92.5999984741211,62.150001525878906
2009-03-18,83.55000305175781,93.07499694824219,62.25
2009-03-19,84.75,94.25,62.04999923706055
2009-03-20,85.19999694824219,93.67500305175781,61.75
2009-03-23,85.94999694824219,94.0,60.650001525878906
2009-03-24,85.44999694824219,94.0,61.349998474121094
2009-03-25,84.625,93.75,61.25
2009-03-26,84.2750015258789,93.4000015258789,60.525001525878906
2009-03-27,84.32499694824219,93.125,60.474998474121094
2009-03-30,82.82499694824219,92.19999694824219,60.54999923706055
2009-03-31,83.92500305175781,93.17500305175781,60.349998474121094
2009-04-01,83.7750015258789,93.30000305175781,60.150001525878906
2009-04-02,85.17500305175781,94.4749984741211,59.67499923706055
2009-04-03,86.05000305175781,95.4000015258789,60.275001525878906
2009-04-06,86.5250015258789,95.94999694824219,59.724998474121094
2009-04-07,86.2750015258789,96.2249984741211,59.17499923706055
2009-04-08,86.05000305175781,96.57499694824219,58.375
2009-04-09,87.5250015258789,98.1500015258789,58.0
2009-04-13,87.4749984741211,98.94999694824219,58.17499923706055
2009-04-14,86.3499984741211,98.07499694824219,57.32500076293945
2009-04-15,87.42500305175781,99.57499694824219,57.349998474121094
2009-04-16,88.55000305175781,98.82499694824219,71.875
2009-04-17,88.32499694824219,99.17500305175781,72.25
2009-04-20,87.375,98.55000305175781,70.92500305175781
2009-04-21,87.9749984741211,99.5,71.07499694824219
2009-04-22,87.57499694824219,99.57499694824219,70.6500015258789
2009-04-23,87.75,99.55000305175781,69.55000305175781
2009-04-24,86.8499984741211,99.75,69.0
2009-04-27,86.1500015258789,99.44999694824219,66.0
2009-04-28,85.9000015258789,99.3499984741211,63.29999923706055
2009-04-29,86.75,99.55000305175781,60.45000076293945
2009-04-30,87.55000305175781,99.57499694824219,58.099998474121094
2009-05-01,82.0999984741211,97.44999694824219,58.474998474121094
2009-05-04,81.875,97.4000015258789,55.974998474121094
2009-05-05,82.125,97.42500305175781,55.79999923706055
2009-05-06,81.875,97.69999694824219,58.70000076293945
2009-05-07,82.0250015258789,98.19999694824219,59.20000076293945
2009-05-08,82.9749984741211,99.3499984741211,61.125
2009-05-11,83.2750015258789,99.55000305175781,61.099998474121094
2009-05-12,83.19999694824219,99.32499694824219,61.75
2009-05-13,82.5,98.94999694824219,61.57500076293945
2009-05-14,82.80000305175781,99.25,62.125
2009-05-15,82.375,99.0,66.5250015258789
2009-05-18,82.5250015258789,99.0,66.7750015258789
2009-05-19,81.67500305175781,98.8499984741211,66.25
2009-05-20,82.2249984741211,98.9000015258789,66.4749984741211
2009-05-21,82.5250015258789,98.9000015258789,65.2249984741211
2009-05-22,82.5250015258789,101.92500305175781,65.9749984741211
2009-05-26,82.82499694824219,102.57499694824219,65.55000305175781
2009-05-27,82.375,102.44999694824219,65.2750015258789
2009-05-28,81.5,101.82499694824219,65.4000015258789
2009-05-29,81.32499694824219,101.75,63.92499923706055
2009-06-01,80.5250015258789,100.17500305175781,62.75
2009-06-02,79.2750015258789,97.17500305175781,59.75
2009-06-03,79.5,96.125,57.29999923706055
2009-06-04,80.0250015258789,96.5999984741211,57.275001525878906
2009-06-05,80.1500015258789,96.625,57.17499923706055
2009-06-08,79.42500305175781,95.8499984741211,57.57500076293945
2009-06-09,80.17500305175781,96.32499694824219,57.349998474121094
2009-06-10,79.75,96.17500305175781,57.07500076293945
2009-06-11,80.0999984741211,96.375,57.0
2009-06-12,80.4749984741211,97.57499694824219,57.025001525878906
2009-06-15,79.9000015258789,97.19999694824219,58.400001525878906
2009-06-16,79.5999984741211,96.55000305175781,58.275001525878906
2009-06-17,80.19999694824219,97.32499694824219,59.95000076293945
2009-06-18,80.7750015258789,97.80000305175781,59.92499923706055
2009-06-19,80.92500305175781,98.0999984741211,61.42499923706055
2009-06-22,81.4749984741211,98.92500305175781,60.45000076293945
2009-06-23,81.8499984741211,99.69999694824219,60.125
2009-06-24,81.6500015258789,98.94999694824219,57.29999923706055
2009-06-25,81.94999694824219,98.94999694824219,57.07500076293945
2009-06-26,82.4749984741211,98.9749984741211,56.70000076293945
2009-06-29,84.625,101.7249984741211,58.025001525878906
2009-06-30,82.5250015258789,102.82499694824219,58.67499923706055
2009-07-01,85.75,103.7750015258789,59.25
2009-07-02,84.875,103.44999694824219,59.974998474121094
2009-07-06,84.42500305175781,103.80000305175781,60.650001525878906
2009-07-07,84.19999694824219,102.6500015258789,60.70000076293945
2009-07-08,83.3499984741211,101.6500015258789,58.92499923706055
2009-07-09,83.4749984741211,102.94999694824219,59.70000076293945
2009-07-10,83.4749984741211,102.92500305175781,60.150001525878906
2009-07-13,84.7750015258789,103.80000305175781,59.5
2009-07-14,85.05000305175781,103.125,58.70000076293945
2009-07-15,84.92500305175781,103.05000305175781,58.45000076293945
2009-07-16,85.5999984741211,103.9000015258789,65.2249984741211
2009-07-17,86.375,104.5999984741211,64.67500305175781
2009-07-20,86.80000305175781,104.4749984741211,64.6500015258789
2009-07-21,86.0250015258789,103.25,62.5
2009-07-22,85.0250015258789,103.125,62.099998474121094
2009-07-23,85.0250015258789,102.375,60.95000076293945
2009-07-24,84.5250015258789,102.55000305175781,59.04999923706055
2009-07-27,84.69999694824219,102.4000015258789,59.17499923706055
2009-07-28,84.92500305175781,102.8499984741211,56.849998474121094
2009-07-29,83.94999694824219,102.0250015258789,56.75
2009-07-30,84.57499694824219,102.125,54.625
2009-07-31,84.69999694824219,102.3499984741211,56.025001525878906
2009-08-03,84.44999694824219,102.0,54.95000076293945
2009-08-04,84.07499694824219,100.94999694824219,53.974998474121094
2009-08-05,84.0250015258789,101.3499984741211,53.349998474121094
2009-08-06,83.19999694824219,101.0999984741211,51.07500076293945
2009-08-07,83.8499984741211,101.3499984741211,48.79999923706055
2009-08-10,83.2750015258789,100.42500305175781,48.29999923706055
2009-08-11,83.30000305175781,100.0999984741211,48.17499923706055
2009-08-12,84.42500305175781,99.8499984741211,47.75
2009-08-13,84.17500305175781,100.05000305175781,48.79999923706055
2009-08-14,84.6500015258789,100.69999694824219,49.125
2009-08-17,84.30000305175781,100.67500305175781,44.70000076293945
2009-08-18,84.94999694824219,101.1500015258789,44.525001525878906
2009-08-19,84.82499694824219,101.05000305175781,45.75
2009-08-20,84.80000305175781,101.05000305175781,46.92499923706055
2009-08-21,85.0,100.1500015258789,47.849998474121094
2009-08-24,85.17500305175781,100.0999984741211,46.82500076293945
2009-08-25,85.44999694824219,99.94999694824219,48.29999923706055
2009-08-26,85.07499694824219,99.80000305175781,47.04999923706055
2009-08-27,85.17500305175781,99.5,47.900001525878906
2009-08-28,84.6500015258789,98.1500015258789,48.07500076293945
2009-08-31,82.67500305175781,97.25,48.150001525878906
2009-09-01,86.0999984741211,97.0,49.5
2009-09-02,86.7750015258789,98.5999984741211,48.82500076293945
2009-09-03,86.7249984741211,98.5,49.775001525878906
2009-09-04,86.6500015258789,98.94999694824219,50.5
2009-09-08,87.0999984741211,99.05000305175781,50.974998474121094
2009-09-09,87.55000305175781,99.80000305175781,51.45000076293945
2009-09-10,87.2249984741211,99.5,52.42499923706055
2009-09-11,87.2249984741211,99.17500305175781,52.474998474121094
2009-09-14,87.05000305175781,98.8499984741211,50.95000076293945
2009-09-15,87.2249984741211,98.55000305175781,53.42499923706055
2009-09-16,86.9749984741211,98.2750015258789,52.45000076293945
2009-09-17,85.7750015258789,96.6500015258789,52.17499923706055
2009-09-18,85.55000305175781,97.25,50.79999923706055
2009-09-21,84.9749984741211,97.1500015258789,50.150001525878906
2009-09-22,85.2750015258789,96.75,49.875
2009-09-23,86.44999694824219,96.8499984741211,50.92499923706055
2009-09-24,86.0999984741211,97.0,50.224998474121094
2009-09-25,86.05000305175781,96.5999984741211,49.95000076293945
2009-09-28,86.0999984741211,96.44999694824219,49.875
2009-09-29,85.6500015258789,95.80000305175781,50.275001525878906
2009-09-30,85.5999984741211,96.5,50.07500076293945
2009-10-01,84.0999984741211,94.94999694824219,49.42499923706055
2009-10-02,82.94999694824219,93.55000305175781,49.25
2009-10-05,82.67500305175781,93.3499984741211,49.04999923706055
2009-10-06,82.30000305175781,92.8499984741211,50.099998474121094
2009-10-07,82.2249984741211,93.3499984741211,50.900001525878906
2009-10-08,81.875,93.9749984741211,51.025001525878906
2009-10-09,82.625,94.17500305175781,50.849998474121094
2009-10-12,82.19999694824219,94.0250015258789,50.125
2009-10-13,82.19999694824219,93.05000305175781,50.45000076293945
2009-10-14,83.25,93.7249984741211,51.099998474121094
2009-10-15,83.80000305175781,94.125,54.474998474121094
2009-10-16,84.0999984741211,94.55000305175781,54.099998474121094
2009-10-19,84.69999694824219,94.80000305175781,54.04999923706055
2009-10-20,84.9000015258789,94.25,52.875
2009-10-21,86.5999984741211,94.5,53.67499923706055
2009-10-22,85.94999694824219,94.44999694824219,53.724998474121094
2009-10-23,86.3499984741211,94.25,53.025001525878906
2009-10-26,86.125,93.8499984741211,53.45000076293945
2009-10-27,86.125,93.8499984741211,55.42499923706055
2009-10-28,85.55000305175781,93.6500015258789,55.95000076293945
2009-10-29,84.6500015258789,93.2750015258789,57.20000076293945
2009-10-30,81.6500015258789,94.80000305175781,56.70000076293945
2009-11-02,86.2249984741211,95.125,57.724998474121094
2009-11-03,85.69999694824219,94.67500305175781,57.54999923706055
2009-11-04,86.25,95.375,57.79999923706055
2009-11-05,86.3499984741211,95.5999984741211,56.599998474121094
2009-11-06,85.0,94.6500015258789,55.70000076293945
2009-11-09,84.94999694824219,94.25,55.79999923706055
2009-11-10,84.5999984741211,93.875,55.625
2009-11-11,83.6500015258789,93.32499694824219,55.599998474121094
2009-11-12,82.8499984741211,92.94999694824219,54.45000076293945
2009-11-13,83.32499694824219,93.1500015258789,55.0
2009-11-16,83.57499694824219,93.0999984741211,54.95000076293945
2009-11-17,84.07499694824219,93.1500015258789,56.400001525878906
2009-11-18,83.07499694824219,92.94999694824219,56.45000076293945
2009-11-19,83.67500305175781,93.0250015258789,55.974998474121094
2009-11-20,83.94999694824219,92.67500305175781,57.599998474121094
2009-11-23,84.05000305175781,92.875,58.29999923706055
2009-11-24,83.4000015258789,93.2249984741211,58.625
2009-11-25,83.67500305175781,93.30000305175781,59.42499923706055
2009-11-27,83.19999694824219,92.5,59.025001525878906
2009-11-30,83.19999694824219,92.94999694824219,58.599998474121094
2009-12-01,82.55000305175781,93.4749984741211,59.224998474121094
2009-12-02,82.0999984741211,93.94999694824219,59.67499923706055
2009-12-03,80.80000305175781,93.0999984741211,59.25
2009-12-04,81.0,93.3499984741211,61.150001525878906
2009-12-07,81.125,92.8499984741211,62.20000076293945
2009-12-08,80.875,92.05000305175781,62.67499923706055
2009-12-09,79.19999694824219,91.05000305175781,63.400001525878906
2009-12-10,79.0999984741211,90.7249984741211,63.625
2009-12-11,80.1500015258789,91.57499694824219,64.0
2009-12-14,81.05000305175781,91.9000015258789,64.57499694824219
2009-12-15,82.0999984741211,93.0250015258789,67.42500305175781
2009-12-16,82.125,92.8499984741211,66.82499694824219
2009-12-17,81.42500305175781,93.9749984741211,65.55000305175781
2009-12-18,82.05000305175781,94.7249984741211,65.125
2009-12-21,82.2249984741211,94.55000305175781,64.2249984741211
2009-12-22,81.94999694824219,94.42500305175781,64.75
2009-12-23,83.2750015258789,95.44999694824219,65.67500305175781
2009-12-24,83.07499694824219,94.625,63.79999923706055
2009-12-28,83.67500305175781,95.5250015258789,64.69999694824219
2009-12-29,84.2249984741211,94.9749984741211,65.42500305175781
2009-12-30,84.5999984741211,95.125,65.625
2009-12-31,86.0,95.8499984741211,65.5999984741211
2010-01-04,85.375,95.875,65.8499984741211
2010-01-05,86.32499694824219,96.55000305175781,67.5999984741211
2010-01-06,85.94999694824219,96.30000305175781,66.57499694824219
2010-01-07,85.92500305175781,96.44999694824219,67.0999984741211
2010-01-08,85.82499694824219,96.3499984741211,67.25
2010-01-11,85.05000305175781,96.2750015258789,66.67500305175781
2010-01-12,85.44999694824219,97.80000305175781,66.4000015258789
2010-01-13,85.69999694824219,97.30000305175781,68.9749984741211
2010-01-14,86.6500015258789,97.5250015258789,69.05000305175781
2010-01-15,87.3499984741211,97.9749984741211,69.9749984741211
2010-01-19,87.9000015258789,98.25,70.75
2010-01-20,87.44999694824219,97.92500305175781,70.44999694824219
2010-01-21,86.8499984741211,97.42500305175781,70.80000305175781
2010-01-22,86.625,97.0999984741211,69.8499984741211
2010-01-25,86.19999694824219,96.5250015258789,68.375
2010-01-26,85.5250015258789,96.6500015258789,66.4749984741211
2010-01-27,85.375,96.6500015258789,66.57499694824219
2010-01-28,85.6500015258789,96.80000305175781,66.7750015258789
2010-01-29,85.80000305175781,98.875,66.5
2010-02-01,85.25,97.7249984741211,64.375
2010-02-02,86.2249984741211,97.2249984741211,65.4000015258789
2010-02-03,86.44999694824219,97.4000015258789,66.125
2010-02-04,86.55000305175781,97.25,66.1500015258789
2010-02-05,87.42500305175781,98.32499694824219,66.69999694824219
2010-02-08,87.67500305175781,99.2249984741211,67.57499694824219
2010-02-09,88.75,99.9749984741211,67.5250015258789
2010-02-10,88.82499694824219,100.25,67.9000015258789
2010-02-11,89.4000015258789,100.5,67.625
2010-02-12,89.375,99.75,67.44999694824219
2010-02-16,90.4749984741211,101.125,68.2750015258789
2010-02-17,90.82499694824219,101.57499694824219,69.19999694824219
2010-02-18,92.17500305175781,102.4749984741211,70.2750015258789
2010-02-19,92.7750015258789,102.5999984741211,69.6500015258789
2010-02-22,92.05000305175781,101.82499694824219,70.30000305175781
2010-02-23,91.75,101.1500015258789,69.44999694824219
2010-02-24,91.7750015258789,101.1500015258789,70.3499984741211
2010-02-25,91.9000015258789,100.9000015258789,72.125
2010-02-26,90.30000305175781,101.05000305175781,72.80000305175781
2010-03-01,91.7249984741211,102.0999984741211,72.94999694824219
2010-03-02,92.7750015258789,102.375,72.44999694824219
2010-03-03,92.9000015258789,102.5,73.4000015258789
2010-03-04,93.0250015258789,102.5250015258789,73.57499694824219
2010-03-05,92.94999694824219,102.19999694824219,73.0999984741211
2010-03-08,94.19999694824219,102.5250015258789,72.80000305175781
2010-03-09,94.4000015258789,102.3499984741211,72.4000015258789
2010-03-10,93.875,102.0,72.55000305175781
2010-03-11,93.82499694824219,101.92500305175781,71.875
2010-03-12,95.0999984741211,103.0,72.6500015258789
2010-03-15,95.6500015258789,102.9000015258789,71.80000305175781
2010-03-16,95.4749984741211,102.94999694824219,71.75
2010-03-17,96.1500015258789,103.2750015258789,71.5999984741211
2010-03-18,97.5250015258789,104.625,72.875
2010-03-19,97.9749984741211,104.80000305175781,73.3499984741211
2010-03-22,97.0999984741211,104.69999694824219,73.0999984741211
2010-03-23,95.69999694824219,105.375,71.92500305175781
2010-03-24,95.7249984741211,106.0999984741211,71.125
2010-03-25,94.75,106.0999984741211,70.125
2010-03-26,94.0250015258789,107.19999694824219,69.67500305175781
2010-03-29,95.375,108.375,71.875
2010-03-30,96.05000305175781,108.7249984741211,73.05000305175781
2010-03-31,96.55000305175781,110.42500305175781,73.32499694824219
2010-04-01,96.6500015258789,110.375,74.125
2010-04-05,97.32499694824219,112.6500015258789,76.2249984741211
2010-04-06,97.25,112.19999694824219,76.625
2010-04-07,99.44999694824219,113.05000305175781,77.17500305175781
2010-04-08,99.3499984741211,112.875,76.67500305175781
2010-04-09,99.6500015258789,114.5250015258789,76.2249984741211
2010-04-12,99.0,114.0250015258789,76.375
2010-04-13,98.32499694824219,113.30000305175781,76.75
2010-04-14,97.125,111.8499984741211,77.42500305175781
2010-04-15,98.0,112.25,
2010-04-16,98.75,111.94999694824219,86.42500305175781
2010-04-19,98.94999694824219,112.05000305175781,86.5250015258789
2010-04-20,98.67500305175781,111.6500015258789,86.19999694824219
2010-04-21,99.5999984741211,112.05000305175781,87.82499694824219
2010-04-22,99.75,112.125,88.375
2010-04-23,99.2249984741211,112.19999694824219,87.4000015258789
2010-04-26,99.5250015258789,113.0,86.82499694824219
2010-04-27,98.05000305175781,113.19999694824219,88.125
2010-04-28,98.05000305175781,113.2750015258789,88.19999694824219
2010-04-29,98.9749984741211,113.5,87.5999984741211
2010-04-30,99.92500305175781,112.80000305175781,89.5250015258789
2010-05-03,95.5250015258789,113.4000015258789,89.82499694824219
2010-05-04,96.0250015258789,113.42500305175781,90.0250015258789
2010-05-05,96.69999694824219,113.9000015258789,89.3499984741211
2010-05-06,95.8499984741211,113.3499984741211,89.0250015258789
2010-05-07,95.9000015258789,112.42500305175781,88.5
2010-05-10,96.69999694824219,112.625,88.5999984741211
2010-05-11,96.80000305175781,112.0999984741211,87.92500305175781
2010-05-12,95.69999694824219,111.5,88.44999694824219
2010-05-13,95.57499694824219,111.7249984741211,88.42500305175781
2010-05-14,93.25,110.2249984741211,88.19999694824219
2010-05-17,92.5,109.6500015258789,81.5
2010-05-18,92.75,109.75,81.30000305175781
2010-05-19,92.42500305175781,110.3499984741211,82.0250015258789
2010-05-20,91.44999694824219,108.80000305175781,80.25
2010-05-21,91.375,108.75,81.44999694824219
2010-05-24,91.125,108.07499694824219,81.875
2010-05-25,90.0250015258789,108.0,81.1500015258789
2010-05-26,90.80000305175781,108.4749984741211,81.6500015258789
2010-05-27,91.57499694824219,,81.17500305175781
2010-05-28,90.5250015258789,108.42500305175781,81.8499984741211
2010-06-01,90.80000305175781,109.4749984741211,81.4000015258789
2010-06-02,92.05000305175781,109.6500015258789,81.32499694824219
2010-06-03,92.0999984741211,109.67500305175781,80.44999694824219
2010-06-04,90.94999694824219,108.875,79.05000305175781
2010-06-07,89.80000305175781,108.4000015258789,77.7750015258789
2010-06-08,89.94999694824219,108.8499984741211,77.625
2010-06-09,89.6500015258789,109.2249984741211,77.44999694824219
2010-06-10,90.07499694824219,110.2249984741211,77.2750015258789
2010-06-11,89.5,110.07499694824219,77.7750015258789
2010-06-14,89.7750015258789,110.42500305175781,77.92500305175781
2010-06-15,90.05000305175781,110.9749984741211,80.125
2010-06-16,90.05000305175781,110.9000015258789,80.9000015258789
2010-06-17,89.5999984741211,110.1500015258789,80.3499984741211
2010-06-18,89.30000305175781,110.17500305175781,80.875
2010-06-21,90.125,111.69999694824219,82.0
2010-06-22,90.30000305175781,111.82499694824219,81.94999694824219
2010-06-23,90.25,111.9000015258789,81.44999694824219
2010-06-24,90.6500015258789,112.67500305175781,80.07499694824219
2010-06-25,90.94999694824219,113.19999694824219,80.7249984741211
2010-06-28,91.19999694824219,113.9749984741211,79.5250015258789
2010-06-29,90.67500305175781,112.875,78.75
2010-06-30,91.25,113.05000305175781,79.2249984741211
2010-07-01,89.94999694824219,112.5999984741211,79.30000305175781
2010-07-02,89.4749984741211,112.67500305175781,78.19999694824219
2010-07-06,89.80000305175781,113.5250015258789,78.7750015258789
2010-07-07,90.5,113.55000305175781,78.875
2010-07-08,90.9000015258789,113.5999984741211,78.875
2010-07-09,90.19999694824219,113.19999694824219,78.625
2010-07-12,90.07499694824219,112.67500305175781,78.125
2010-07-13,90.94999694824219,113.625,78.0250015258789
2010-07-14,92.32499694824219,113.625,77.82499694824219
2010-07-15,92.4000015258789,113.375,77.8499984741211
2010-07-16,92.2750015258789,113.0999984741211,81.69999694824219
2010-07-19,93.125,114.42500305175781,81.625
2010-07-20,93.125,114.4749984741211,80.0250015258789
2010-07-21,93.5,114.6500015258789,81.5
2010-07-22,93.32499694824219,114.9000015258789,82.625
2010-07-23,93.42500305175781,115.17500305175781,83.2249984741211
2010-07-26,92.6500015258789,114.94999694824219,82.0
2010-07-27,92.6500015258789,114.9000015258789,82.2249984741211
2010-07-28,92.7750015258789,114.5250015258789,83.375
2010-07-29,91.8499984741211,113.7249984741211,84.8499984741211
2010-07-30,92.6500015258789,113.7249984741211,85.82499694824219
2010-08-02,92.17500305175781,112.5999984741211,86.9000015258789
2010-08-03,91.875,113.0,87.0
2010-08-04,93.1500015258789,113.5999984741211,86.80000305175781
2010-08-05,92.9000015258789,112.69999694824219,83.80000305175781
2010-08-06,92.7750015258789,112.4000015258789,82.0250015258789
2010-08-09,93.0999984741211,112.2750015258789,81.19999694824219
2010-08-10,93.4000015258789,112.125,81.69999694824219
2010-08-11,93.94999694824219,112.55000305175781,81.44999694824219
2010-08-12,94.19999694824219,111.9749984741211,82.19999694824219
2010-08-13,94.32499694824219,111.69999694824219,82.875
2010-08-16,95.125,112.69999694824219,74.8499984741211
2010-08-17,95.625,113.25,75.5250015258789
2010-08-18,97.19999694824219,113.69999694824219,78.07499694824219
2010-08-19,99.17500305175781,114.05000305175781,77.8499984741211
2010-08-20,99.5999984741211,114.5999984741211,77.19999694824219
2010-08-23,99.7249984741211,114.75,78.2249984741211
2010-08-24,99.4749984741211,114.5999984741211,77.2750015258789
2010-08-25,98.5999984741211,114.75,77.0999984741211
2010-08-26,98.42500305175781,,75.80000305175781
2010-08-27,98.05000305175781,116.2750015258789,74.82499694824219
2010-08-30,97.25,115.0999984741211,74.875
2010-08-31,97.25,114.0999984741211,75.1500015258789
2010-09-01,97.75,113.875,74.94999694824219
2010-09-02,98.44999694824219,114.75,76.42500305175781
2010-09-03,98.44999694824219,114.17500305175781,77.19999694824219
2010-09-07,96.3499984741211,111.92500305175781,75.5999984741211
2010-09-08,97.25,112.0999984741211,76.30000305175781
2010-09-09,96.9000015258789,111.42500305175781,77.375
2010-09-10,97.1500015258789,111.69999694824219,77.25
2010-09-13,97.44999694824219,112.3499984741211,76.30000305175781
2010-09-14,98.19999694824219,112.1500015258789,78.69999694824219
2010-09-15,98.125,111.80000305175781,79.25
2010-09-16,98.69999694824219,112.2249984741211,78.19999694824219
2010-09-17,99.4000015258789,111.82499694824219,77.69999694824219
2010-09-20,98.1500015258789,110.6500015258789,78.5250015258789
2010-09-21,97.5,110.5,79.30000305175781
2010-09-22,96.17500305175781,109.25,78.69999694824219
2010-09-23,96.125,109.0999984741211,78.42500305175781
2010-09-24,96.0250015258789,109.5,79.0250015258789
2010-09-27,97.25,109.875,79.1500015258789
2010-09-28,97.1500015258789,110.0,78.57499694824219
2010-09-29,96.2249984741211,109.4749984741211,77.17500305175781
2010-09-30,96.69999694824219,109.92500305175781,77.7750015258789
2010-10-01,95.94999694824219,111.80000305175781,76.375
2010-10-04,95.0999984741211,110.5,75.67500305175781
2010-10-05,95.55000305175781,109.55000305175781,75.3499984741211
2010-10-06,94.8499984741211,109.19999694824219,75.2750015258789
2010-10-07,95.125,108.92500305175781,74.5250015258789
2010-10-08,95.55000305175781,107.7249984741211,74.5250015258789
2010-10-11,95.3499984741211,107.1500015258789,73.69999694824219
2010-10-12,96.625,107.4749984741211,73.5999984741211
2010-10-13,96.3499984741211,108.07499694824219,73.4000015258789
2010-10-14,96.07499694824219,108.0999984741211,73.0
2010-10-15,98.1500015258789,108.75,68.9000015258789
2010-10-18,99.07499694824219,108.80000305175781,68.0250015258789
2010-10-19,99.67500305175781,109.625,68.19999694824219
2010-10-20,101.2750015258789,109.4000015258789,68.7249984741211
2010-10-21,101.5250015258789,110.69999694824219,69.32499694824219
2010-10-22,102.19999694824219,111.19999694824219,70.6500015258789
2010-10-25,101.4000015258789,111.0999984741211,68.44999694824219
2010-10-26,100.8499984741211,111.30000305175781,68.67500305175781
2010-10-27,100.5,111.30000305175781,67.8499984741211
2010-10-28,100.69999694824219,,67.05000305175781
2010-10-29,98.8499984741211,110.32499694824219,66.19999694824219
2010-11-01,98.1500015258789,110.3499984741211,65.19999694824219
2010-11-02,98.25,111.55000305175781,66.19999694824219
2010-11-03,97.69999694824219,110.875,66.7750015258789
2010-11-04,97.6500015258789,110.125,67.625
2010-11-05,97.55000305175781,110.5999984741211,66.94999694824219
2010-11-08,98.4000015258789,111.25,67.1500015258789
2010-11-09,98.19999694824219,111.9000015258789,66.55000305175781
2010-11-10,99.4000015258789,112.80000305175781,68.25
2010-11-11,99.05000305175781,112.6500015258789,69.125
2010-11-12,98.4000015258789,112.4000015258789,68.9749984741211
2010-11-15,99.2249984741211,112.4000015258789,69.625
2010-11-16,98.44999694824219,112.1500015258789,68.32499694824219
2010-11-17,99.3499984741211,112.19999694824219,68.625
2010-11-18,100.80000305175781,112.44999694824219,68.6500015258789
2010-11-19,101.44999694824219,117.4000015258789,69.125
2010-11-22,100.92500305175781,117.4000015258789,69.4000015258789
2010-11-23,101.55000305175781,117.82499694824219,69.82499694824219
2010-11-24,101.92500305175781,118.2750015258789,70.375
2010-11-26,102.2249984741211,118.75,70.3499984741211
2010-11-29,102.0250015258789,118.4000015258789,70.0250015258789
2010-11-30,103.07499694824219,119.17500305175781,69.0250015258789
2010-12-01,103.57499694824219,118.4000015258789,68.5250015258789
2010-12-02,103.07499694824219,118.67500305175781,68.92500305175781
2010-12-03,103.17500305175781,118.67500305175781,69.2750015258789
2010-12-06,103.375,118.5,68.3499984741211
2010-12-07,102.2750015258789,117.2249984741211,68.05000305175781
2010-12-08,102.0999984741211,118.17500305175781,68.80000305175781
2010-12-09,101.80000305175781,118.07499694824219,69.42500305175781
2010-12-10,100.94999694824219,118.17500305175781,69.44999694824219
2010-12-13,101.94999694824219,119.19999694824219,69.5250015258789
2010-12-14,101.82499694824219,117.94999694824219,68.92500305175781
2010-12-15,101.5999984741211,117.6500015258789,75.19999694824219
2010-12-16,101.19999694824219,118.375,74.57499694824219
2010-12-17,102.17500305175781,119.0250015258789,75.94999694824219
2010-12-20,102.7750015258789,120.7249984741211,76.07499694824219
2010-12-21,102.8499984741211,121.3499984741211,75.9749984741211
2010-12-22,104.125,121.67500305175781,78.875
2010-12-23,104.0,121.44999694824219,78.7249984741211
2010-12-27,104.9000015258789,120.69999694824219,78.8499984741211
2010-12-28,105.44999694824219,120.69999694824219,78.625
2010-12-29,106.32499694824219,120.8499984741211,79.5999984741211
2010-12-30,107.0,120.82499694824219,78.8499984741211
2010-12-31,107.9000015258789,121.875,79.75
2011-01-03,106.9749984741211,121.25,77.9749984741211
2011-01-04,106.17500305175781,121.0,77.30000305175781
2011-01-05,106.625,120.9749984741211,78.0250015258789
2011-01-06,106.7249984741211,121.92500305175781,79.7750015258789
2011-01-07,106.375,121.5999984741211,79.42500305175781
2011-01-10,106.94999694824219,122.30000305175781,79.69999694824219
2011-01-11,108.44999694824219,123.44999694824219,79.9749984741211
2011-01-12,110.19999694824219,124.0250015258789,81.125
2011-01-13,109.9000015258789,124.9000015258789,80.30000305175781
2011-01-14,109.375,125.5999984741211,79.5250015258789
2011-01-18,109.19999694824219,127.30000305175781,80.4749984741211
2011-01-19,108.80000305175781,127.0,80.0
2011-01-20,108.6500015258789,126.30000305175781,80.2750015258789
2011-01-21,107.94999694824219,126.3499984741211,80.32499694824219
2011-01-24,106.7750015258789,126.3499984741211,80.6500015258789
2011-01-25,106.25,125.9749984741211,81.82499694824219
2011-01-26,107.2249984741211,126.3499984741211,83.0250015258789
2011-01-27,106.94999694824219,126.1500015258789,83.94999694824219
2011-01-28,107.5,126.2249984741211,85.75
2011-01-31,108.94999694824219,128.0,87.25
2011-02-01,109.0,127.4749984741211,85.07499694824219
2011-02-02,107.75,125.80000305175781,84.0250015258789
2011-02-03,108.19999694824219,125.5,83.3499984741211
2011-02-04,108.25,125.0,84.5
2011-02-07,107.7249984741211,124.57499694824219,84.94999694824219
2011-02-08,107.6500015258789,124.25,84.82499694824219
2011-02-09,107.7249984741211,122.92500305175781,85.17500305175781
2011-02-10,108.9000015258789,124.82499694824219,86.7249984741211
2011-02-11,107.7750015258789,126.0250015258789,86.4000015258789
2011-02-14,109.19999694824219,128.375,85.67500305175781
2011-02-15,109.05000305175781,128.52499389648438,92.55000305175781
2011-02-16,109.0,130.47500610351562,91.9000015258789
2011-02-17,110.2750015258789,130.60000610351562,92.17500305175781
2011-02-18,111.05000305175781,130.0749969482422,92.2750015258789
2011-02-22,110.0999984741211,129.1999969482422,92.2750015258789
2011-02-23,110.32499694824219,128.85000610351562,90.9749984741211
2011-02-24,111.0999984741211,129.39999389648438,89.5
2011-02-25,112.0250015258789,129.8249969482422,90.19999694824219
2011-02-28,,130.0749969482422,88.80000305175781
2011-03-01,111.4000015258789,128.89999389648438,88.0999984741211
2011-03-02,112.19999694824219,129.375,88.25
2011-03-03,114.19999694824219,129.97500610351562,88.80000305175781
2011-03-04,114.05000305175781,129.9499969482422,88.4749984741211
2011-03-07,113.5999984741211,129.8000030517578,86.4000015258789
2011-03-08,114.80000305175781,131.1750030517578,89.125
2011-03-09,117.5250015258789,132.1999969482422,89.75
2011-03-10,117.6500015258789,131.8000030517578,89.8499984741211
2011-03-11,117.125,131.5500030517578,88.1500015258789
2011-03-14,116.5,130.89999389648438,85.94999694824219
2011-03-15,113.5,127.9000015258789,84.875
2011-03-16,110.5,126.5,85.30000305175781
2011-03-17,111.5999984741211,127.69999694824219,88.1500015258789
2011-03-18,111.6500015258789,128.0,88.32499694824219
2011-03-21,113.5999984741211,129.3000030517578,88.4000015258789
2011-03-22,114.2750015258789,130.0,89.69999694824219
2011-03-23,114.0999984741211,129.9499969482422,90.07499694824219
2011-03-24,115.82499694824219,130.8000030517578,90.32499694824219
2011-03-25,118.5999984741211,131.89999389648438,92.4749984741211
2011-03-28,117.94999694824219,132.3000030517578,92.5999984741211
2011-03-29,118.375,132.6999969482422,93.5999984741211
2011-03-30,120.55000305175781,133.5500030517578,93.55000305175781
2011-03-31,121.55000305175781,134.02499389648438,93.7249984741211
2011-04-01,122.07499694824219,138.10000610351562,94.2249984741211
2011-04-04,122.375,137.75,94.19999694824219
2011-04-05,121.75,137.10000610351562,93.69999694824219
2011-04-06,120.875,135.6999969482422,93.9749984741211
2011-04-07,119.9000015258789,135.125,92.75
2011-04-08,118.82499694824219,134.60000610351562,93.1500015258789
2011-04-11,119.0250015258789,133.875,93.25
2011-04-12,117.67500305175781,131.8000030517578,93.44999694824219
2011-04-13,118.2750015258789,131.97500610351562,93.94999694824219
2011-04-14,118.80000305175781,133.10000610351562,93.92500305175781
2011-04-15,117.4000015258789,132.14999389648438,102.42500305175781
2011-04-18,118.17500305175781,132.625,102.5999984741211
2011-04-19,119.25,132.85000610351562,103.0250015258789
2011-04-20,119.0,132.6999969482422,102.9000015258789
2011-04-21,118.4000015258789,132.27499389648438,102.05000305175781
2011-04-25,116.0250015258789,129.97500610351562,100.6500015258789
2011-04-26,116.0250015258789,128.75,98.625
2011-04-27,117.2750015258789,130.39999389648438,97.75
2011-04-28,117.1500015258789,131.375,96.80000305175781
2011-04-29,117.05000305175781,131.89999389648438,95.2750015258789
2011-05-02,111.94999694824219,131.0500030517578,95.6500015258789
2011-05-03,110.5999984741211,129.3249969482422,92.6500015258789
2011-05-04,110.55000305175781,129.27499389648438,90.5999984741211
2011-05-05,109.75,128.625,91.57499694824219
2011-05-06,109.8499984741211,129.125,93.3499984741211
2011-05-09,109.0,128.0,92.7249984741211
2011-05-10,109.17500305175781,128.0749969482422,92.05000305175781
2011-05-11,109.05000305175781,128.8249969482422,92.0250015258789
2011-05-12,109.8499984741211,129.52499389648438,92.625
2011-05-13,109.0,128.6999969482422,92.8499984741211
2011-05-16,108.32499694824219,127.94999694824219,93.5999984741211
2011-05-17,107.75,127.6500015258789,93.875
2011-05-18,106.25,127.0999984741211,91.6500015258789
2011-05-19,104.8499984741211,125.5,91.32499694824219
2011-05-20,104.9749984741211,125.44999694824219,91.9749984741211
2011-05-23,102.1500015258789,123.80000305175781,89.25
2011-05-24,102.375,123.94999694824219,87.44999694824219
2011-05-25,104.55000305175781,124.67500305175781,88.30000305175781
2011-05-26,104.0250015258789,124.94999694824219,87.80000305175781
2011-05-27,104.0999984741211,122.7249984741211,88.92500305175781
2011-05-31,103.75,124.375,90.17500305175781
2011-06-01,102.1500015258789,123.875,89.7750015258789
2011-06-02,102.5999984741211,123.875,89.07499694824219
2011-06-03,104.17500305175781,124.25,89.2249984741211
2011-06-06,102.4000015258789,124.0999984741211,89.69999694824219
2011-06-07,103.4749984741211,125.125,89.625
2011-06-08,104.0,124.80000305175781,89.69999694824219
2011-06-09,104.625,125.32499694824219,90.44999694824219
2011-06-10,102.7249984741211,123.625,91.69999694824219
2011-06-13,103.19999694824219,124.7750015258789,92.4749984741211
2011-06-14,104.2750015258789,127.25,91.8499984741211
2011-06-15,104.19999694824219,126.9749984741211,95.25
2011-06-16,107.19999694824219,129.97500610351562,95.5
2011-06-17,109.75,132.64999389648438,95.6500015258789
2011-06-20,111.82499694824219,135.5,97.55000305175781
2011-06-21,113.19999694824219,137.8249969482422,99.0
2011-06-22,111.2750015258789,138.0,98.2750015258789
2011-06-23,112.25,137.85000610351562,97.0
2011-06-24,113.05000305175781,138.60000610351562,96.0
2011-06-27,111.5,137.22500610351562,94.1500015258789
2011-06-28,112.3499984741211,137.875,94.375
2011-06-29,111.7249984741211,137.77499389648438,95.2249984741211
2011-06-30,112.75,138.0749969482422,94.4000015258789
2011-07-01,112.8499984741211,140.47500610351562,95.5
2011-07-05,113.3499984741211,141.27499389648438,95.7750015258789
2011-07-06,112.94999694824219,140.9499969482422,96.0250015258789
2011-07-07,114.7249984741211,143.89999389648438,97.1500015258789
2011-07-08,114.6500015258789,143.60000610351562,95.875
2011-07-11,114.69999694824219,143.35000610351562,96.125
2011-07-12,114.0250015258789,142.02499389648438,95.1500015258789
2011-07-13,113.4000015258789,139.89999389648438,95.5999984741211
2011-07-14,110.55000305175781,136.9250030517578,95.0999984741211
2011-07-15,110.5999984741211,135.6999969482422,95.1500015258789
2011-07-18,109.8499984741211,134.5749969482422,98.44999694824219
2011-07-19,110.5,135.5749969482422,99.6500015258789
2011-07-20,109.5999984741211,134.9250030517578,97.8499984741211
2011-07-21,110.0,135.1999969482422,98.0999984741211
2011-07-22,110.55000305175781,136.39999389648438,100.82499694824219
2011-07-25,110.6500015258789,136.0500030517578,100.92500305175781
2011-07-26,111.69999694824219,136.10000610351562,100.4749984741211
2011-07-27,111.07499694824219,135.375,101.92500305175781
2011-07-28,111.625,135.8000030517578,102.4749984741211
2011-07-29,112.625,137.0500030517578,102.7750015258789
2011-08-01,113.30000305175781,136.8249969482422,103.0999984741211
2011-08-02,112.55000305175781,135.0,103.80000305175781
2011-08-03,113.125,134.35000610351562,104.6500015258789
2011-08-04,112.6500015258789,133.14999389648438,105.55000305175781
2011-08-05,114.125,133.6999969482422,104.92500305175781
2011-08-08,114.0999984741211,132.5749969482422,104.92500305175781
2011-08-09,114.7249984741211,133.22500610351562,105.4000015258789
2011-08-10,114.30000305175781,133.3000030517578,106.2750015258789
2011-08-11,116.44999694824219,134.60000610351562,107.19999694824219
2011-08-12,117.9000015258789,135.85000610351562,107.44999694824219
2011-08-15,117.9000015258789,135.64999389648438,89.9749984741211
2011-08-16,117.9000015258789,135.5749969482422,89.4000015258789
2011-08-17,115.8499984741211,134.5,87.4000015258789
2011-08-18,114.0999984741211,132.77499389648438,86.82499694824219
2011-08-19,114.30000305175781,133.3000030517578,88.375
2011-08-22,114.6500015258789,133.47500610351562,89.0
2011-08-23,114.0999984741211,133.72500610351562,88.2249984741211
2011-08-24,113.25,133.5,87.05000305175781
2011-08-25,113.8499984741211,133.6750030517578,87.2249984741211
2011-08-26,114.30000305175781,132.60000610351562,87.0999984741211
2011-08-29,113.5,132.3249969482422,86.4000015258789
2011-08-30,114.25,132.625,85.69999694824219
2011-08-31,,132.4499969482422,85.5
2011-09-01,113.5999984741211,132.75,85.17500305175781
2011-09-02,114.80000305175781,132.64999389648438,85.80000305175781
2011-09-06,116.9749984741211,133.8000030517578,83.3499984741211
2011-09-07,117.6500015258789,133.9250030517578,84.8499984741211
2011-09-08,118.82499694824219,133.9499969482422,86.80000305175781
2011-09-09,118.44999694824219,133.22500610351562,87.25
2011-09-12,119.4000015258789,133.39999389648438,86.67500305175781
2011-09-13,119.5999984741211,134.875,87.1500015258789
2011-09-14,121.0,136.6999969482422,88.44999694824219
2011-09-15,118.9000015258789,135.60000610351562,89.0
2011-09-16,118.5,135.3000030517578,87.3499984741211
2011-09-19,117.625,134.5,87.6500015258789
2011-09-20,118.69999694824219,134.35000610351562,89.0250015258789
2011-09-21,119.25,133.9499969482422,89.2750015258789
2011-09-22,116.25,132.0500030517578,88.3499984741211
2011-09-23,116.82499694824219,132.10000610351562,88.80000305175781
2011-09-26,119.7249984741211,132.89999389648438,88.5
2011-09-27,120.5999984741211,132.60000610351562,88.625
2011-09-28,120.4000015258789,132.64999389648438,88.7750015258789
2011-09-29,120.4000015258789,,90.375
2011-09-30,122.1500015258789,140.52499389648438,93.375
2011-10-03,123.0999984741211,141.0,93.125
2011-10-04,121.0250015258789,138.89999389648438,93.4000015258789
2011-10-05,122.80000305175781,139.35000610351562,93.67500305175781
2011-10-06,122.3499984741211,139.10000610351562,94.75
2011-10-07,121.9749984741211,139.625,94.67500305175781
2011-10-10,120.0250015258789,139.0,93.0250015258789
2011-10-11,121.375,138.47500610351562,92.125
2011-10-12,120.4749984741211,138.22500610351562,92.125
2011-10-13,121.05000305175781,138.6999969482422,93.0
2011-10-14,121.6500015258789,139.89999389648438,93.57499694824219
2011-10-17,121.3499984741211,140.14999389648438,90.69999694824219
2011-10-18,120.7249984741211,139.75,90.94999694824219
2011-10-19,121.4000015258789,139.1999969482422,90.07499694824219
2011-10-20,121.44999694824219,139.27499389648438,89.9749984741211
2011-10-21,121.92500305175781,139.39999389648438,89.6500015258789
2011-10-24,122.94999694824219,139.85000610351562,88.82499694824219
2011-10-25,122.0999984741211,139.64999389648438,87.8499984741211
2011-10-26,121.05000305175781,139.72500610351562,87.0250015258789
2011-10-27,120.75,139.9250030517578,86.6500015258789
2011-10-28,120.94999694824219,141.10000610351562,86.67500305175781
2011-10-31,119.80000305175781,140.0500030517578,87.4749984741211
2011-11-01,121.5999984741211,142.85000610351562,87.55000305175781
2011-11-02,122.0,142.3000030517578,86.875
2011-11-03,124.5,142.0500030517578,86.5999984741211
2011-11-04,124.5,142.5749969482422,86.8499984741211
2011-11-07,123.4000015258789,142.02499389648438,85.625
2011-11-08,122.75,141.5500030517578,85.2249984741211
2011-11-09,122.5999984741211,141.5500030517578,85.1500015258789
2011-11-10,121.5999984741211,142.0749969482422,85.75
2011-11-11,120.55000305175781,142.14999389648438,86.44999694824219
2011-11-14,120.0999984741211,142.52499389648438,86.57499694824219
2011-11-15,121.7249984741211,143.5,86.44999694824219
2011-11-16,122.05000305175781,143.39999389648438,85.55000305175781
2011-11-17,121.0,143.125,87.44999694824219
2011-11-18,119.69999694824219,147.4250030517578,87.4749984741211
2011-11-21,119.9749984741211,146.1750030517578,87.94999694824219
2011-11-22,121.44999694824219,147.02499389648438,87.82499694824219
2011-11-23,121.4000015258789,145.8000030517578,88.05000305175781
2011-11-25,121.0999984741211,144.625,88.30000305175781
2011-11-28,120.94999694824219,144.72500610351562,87.55000305175781
2011-11-29,120.57499694824219,144.8249969482422,88.0
2011-11-30,121.5999984741211,146.02499389648438,88.17500305175781
2011-12-01,121.9000015258789,146.10000610351562,87.57499694824219
2011-12-02,121.9000015258789,147.0749969482422,86.25
2011-12-05,118.9000015258789,144.3000030517578,85.30000305175781
2011-12-06,118.8499984741211,142.125,86.1500015258789
2011-12-07,119.1500015258789,142.72500610351562,86.0
2011-12-08,119.42500305175781,142.47500610351562,84.82499694824219
2011-12-09,118.30000305175781,142.10000610351562,85.4000015258789
2011-12-12,118.44999694824219,143.0,86.2249984741211
2011-12-13,117.9000015258789,143.89999389648438,85.80000305175781
2011-12-14,118.17500305175781,143.75,85.69999694824219
2011-12-15,118.75,143.97500610351562,85.42500305175781
2011-12-16,118.1500015258789,143.0500030517578,83.1500015258789
2011-12-19,121.1500015258789,144.6750030517578,84.3499984741211
2011-12-20,120.5999984741211,144.3249969482422,84.0999984741211
2011-12-21,120.25,144.375,83.2750015258789
2011-12-22,123.1500015258789,146.875,84.55000305175781
2011-12-23,124.30000305175781,147.625,85.8499984741211
2011-12-27,123.25,147.14999389648438,85.75
2011-12-28,123.0999984741211,147.1999969482422,85.55000305175781
2011-12-29,122.57499694824219,146.875,83.9749984741211
2011-12-30,122.9000015258789,146.35000610351562,84.30000305175781
2012-01-03,121.55000305175781,146.6750030517578,85.5250015258789
2012-01-04,121.625,147.75,85.17500305175781
2012-01-05,120.94999694824219,147.875,83.8499984741211
2012-01-06,120.32499694824219,147.3000030517578,83.9000015258789
2012-01-09,119.94999694824219,147.8000030517578,83.375
2012-01-10,121.19999694824219,148.85000610351562,84.30000305175781
2012-01-11,121.32499694824219,148.6750030517578,82.9000015258789
2012-01-12,121.25,149.47500610351562,83.94999694824219
2012-01-13,122.4749984741211,150.5749969482422,85.5999984741211
2012-01-17,123.5250015258789,150.64999389648438,85.7750015258789
2012-01-18,123.2249984741211,150.9250030517578,86.2750015258789
2012-01-19,124.19999694824219,151.6999969482422,85.4000015258789
2012-01-20,124.55000305175781,151.625,85.32499694824219
2012-01-23,124.5999984741211,151.89999389648438,86.4749984741211
2012-01-24,125.80000305175781,152.3249969482422,86.0250015258789
2012-01-25,125.8499984741211,152.52499389648438,86.625
2012-01-26,124.55000305175781,153.0,85.94999694824219
2012-01-27,124.69999694824219,154.60000610351562,86.67500305175781
2012-01-30,123.92500305175781,154.35000610351562,86.44999694824219
2012-01-31,124.8499984741211,155.52499389648438,87.5250015258789
2012-02-01,125.69999694824219,155.85000610351562,87.625
2012-02-02,125.1500015258789,155.375,87.57499694824219
2012-02-03,123.625,154.4499969482422,87.5250015258789
2012-02-06,123.75,154.125,87.125
2012-02-07,125.3499984741211,155.0,86.17500305175781
2012-02-08,125.7750015258789,155.27499389648438,86.2750015258789
2012-02-09,125.17500305175781,155.14999389648438,87.30000305175781
2012-02-10,123.94999694824219,153.625,86.8499984741211
2012-02-13,125.5250015258789,154.72500610351562,86.9749984741211
2012-02-14,126.6500015258789,156.25,87.0999984741211
2012-02-15,126.5,156.625,88.9000015258789
2012-02-16,126.7750015258789,156.8249969482422,90.2249984741211
2012-02-17,128.60000610351562,158.4250030517578,90.375
2012-02-21,128.89999389648438,158.60000610351562,89.82499694824219
2012-02-22,129.35000610351562,158.4250030517578,90.32499694824219
2012-02-23,127.30000305175781,157.64999389648438,89.5999984741211
2012-02-24,127.55000305175781,157.6750030517578,89.7249984741211
2012-02-27,127.55000305175781,156.4499969482422,88.6500015258789
2012-02-28,127.3499984741211,155.75,88.0250015258789
2012-02-29,127.6500015258789,157.22500610351562,89.42500305175781
2012-03-01,130.9499969482422,158.5749969482422,90.19999694824219
2012-03-02,129.9499969482422,158.10000610351562,90.42500305175781
2012-03-05,128.39999389648438,156.4499969482422,89.42500305175781
2012-03-06,125.7750015258789,154.14999389648438,86.7750015258789
2012-03-07,125.57499694824219,153.89999389648438,87.3499984741211
2012-03-08,126.6500015258789,154.97500610351562,87.75
2012-03-09,126.0250015258789,153.9250030517578,87.82499694824219
2012-03-12,126.75,154.35000610351562,87.30000305175781
2012-03-13,127.7249984741211,155.52499389648438,87.67500305175781
2012-03-14,127.0250015258789,155.1999969482422,87.4000015258789
2012-03-15,125.57499694824219,154.375,86.9000015258789
2012-03-16,125.30000305175781,153.39999389648438,85.875
2012-03-19,125.17500305175781,152.9499969482422,86.0250015258789
2012-03-20,124.5250015258789,152.72500610351562,84.94999694824219
2012-03-21,124.94999694824219,153.3000030517578,84.9749984741211
2012-03-22,125.25,153.4499969482422,85.4000015258789
2012-03-23,124.5,153.3000030517578,85.0250015258789
2012-03-26,124.55000305175781,153.64999389648438,84.875
2012-03-27,125.5999984741211,153.8249969482422,84.80000305175781
2012-03-28,124.44999694824219,153.8000030517578,83.7750015258789
2012-03-29,122.5,154.25,83.0250015258789
2012-03-30,120.44999694824219,148.8249969482422,83.42500305175781
2012-04-02,120.8499984741211,149.52499389648438,84.7249984741211
2012-04-03,119.80000305175781,149.25,84.0250015258789
2012-04-04,117.9000015258789,148.6750030517578,83.8499984741211
2012-04-05,118.32499694824219,148.72500610351562,84.5
2012-04-09,119.375,148.14999389648438,84.42500305175781
2012-04-10,117.75,147.0749969482422,83.80000305175781
2012-04-11,118.375,148.60000610351562,83.17500305175781
2012-04-12,121.25,151.10000610351562,83.5250015258789
2012-04-13,120.5250015258789,150.52499389648438,82.75
2012-04-16,120.7249984741211,150.35000610351562,82.30000305175781
2012-04-17,121.5999984741211,151.35000610351562,89.80000305175781
2012-04-18,120.2750015258789,151.39999389648438,87.25
2012-04-19,120.69999694824219,150.875,88.4749984741211
2012-04-20,120.55000305175781,150.125,87.5
2012-04-23,119.80000305175781,149.4250030517578,88.0250015258789
2012-04-24,116.80000305175781,148.39999389648438,86.5999984741211
2012-04-25,118.5,148.85000610351562,87.125
2012-04-26,118.07499694824219,149.10000610351562,86.80000305175781
2012-04-27,118.44999694824219,148.77499389648438,85.5
2012-04-30,118.75,149.8249969482422,83.67500305175781
2012-05-01,113.5250015258789,150.1750030517578,83.0
2012-05-02,112.875,149.97500610351562,81.2750015258789
2012-05-03,115.875,152.625,81.30000305175781
2012-05-04,115.375,152.5500030517578,79.80000305175781
2012-05-07,116.2750015258789,152.77499389648438,80.05000305175781
2012-05-08,115.7750015258789,151.375,80.25
2012-05-09,116.5999984741211,150.64999389648438,80.07499694824219
2012-05-10,115.8499984741211,150.35000610351562,79.80000305175781
2012-05-11,115.1500015258789,149.6999969482422,79.5250015258789
2012-05-14,116.1500015258789,149.4250030517578,79.3499984741211
2012-05-15,116.42500305175781,149.4250030517578,86.4000015258789
2012-05-16,116.875,149.85000610351562,86.5
2012-05-17,117.92500305175781,150.625,87.42500305175781
2012-05-18,119.5250015258789,151.3000030517578,87.42500305175781
2012-05-21,118.80000305175781,151.875,86.69999694824219
2012-05-22,119.3499984741211,152.52499389648438,85.82499694824219
2012-05-23,117.80000305175781,152.4250030517578,84.42500305175781
2012-05-24,117.875,152.39999389648438,84.19999694824219
2012-05-25,117.6500015258789,158.5,85.19999694824219
2012-05-29,117.8499984741211,157.5749969482422,86.3499984741211
2012-05-30,116.44999694824219,156.0749969482422,87.17500305175781
2012-05-31,117.0999984741211,156.8000030517578,89.80000305175781
2012-06-01,117.69999694824219,157.375,90.7249984741211
2012-06-04,117.67500305175781,158.47500610351562,91.19999694824219
2012-06-05,117.125,159.1750030517578,91.0999984741211
2012-06-06,117.67500305175781,157.9499969482422,91.94999694824219
2012-06-07,119.3499984741211,159.10000610351562,93.07499694824219
2012-06-08,119.875,159.375,93.0250015258789
2012-06-11,119.5,160.25,93.32499694824219
2012-06-12,119.55000305175781,161.14999389648438,93.5250015258789
2012-06-13,117.0999984741211,158.35000610351562,93.9749984741211
2012-06-14,116.3499984741211,156.1999969482422,94.75
2012-06-15,116.1500015258789,156.02499389648438,93.0250015258789
2012-06-18,117.19999694824219,156.125,95.44999694824219
2012-06-19,116.69999694824219,153.60000610351562,95.0999984741211
2012-06-20,116.5999984741211,152.75,94.75
2012-06-21,116.0,152.64999389648438,95.5999984741211
2012-06-22,116.9000015258789,152.8000030517578,94.92500305175781
2012-06-25,115.69999694824219,149.8000030517578,93.3499984741211
2012-06-26,115.25,147.6999969482422,93.6500015258789
2012-06-27,116.4000015258789,148.85000610351562,95.57499694824219
2012-06-28,116.5,150.4499969482422,96.7249984741211
2012-06-29,116.55000305175781,151.4499969482422,96.625
2012-07-02,119.2750015258789,149.64999389648438,96.9000015258789
2012-07-03,119.4749984741211,147.39999389648438,96.875
2012-07-05,119.1500015258789,145.9499969482422,95.82499694824219
2012-07-06,119.19999694824219,146.52499389648438,96.2249984741211
2012-07-09,119.05000305175781,144.27499389648438,96.80000305175781
2012-07-10,118.4000015258789,143.35000610351562,95.5250015258789
2012-07-11,118.0,144.22500610351562,95.94999694824219
2012-07-12,117.0250015258789,141.22500610351562,97.30000305175781
2012-07-13,117.19999694824219,139.0,97.2249984741211
2012-07-16,116.80000305175781,136.0,97.07499694824219
2012-07-17,115.4749984741211,134.1999969482422,89.94999694824219
2012-07-18,118.07499694824219,137.1999969482422,92.625
2012-07-19,118.94999694824219,139.10000610351562,93.05000305175781
2012-07-20,117.94999694824219,136.10000610351562,93.69999694824219
2012-07-23,118.5999984741211,135.64999389648438,93.32499694824219
2012-07-24,118.80000305175781,137.6750030517578,92.92500305175781
2012-07-25,117.94999694824219,134.6750030517578,94.55000305175781
2012-07-26,118.17500305175781,136.0,95.80000305175781
2012-07-27,119.5999984741211,137.75,95.19999694824219
2012-07-30,119.6500015258789,138.25,94.55000305175781
2012-07-31,118.875,138.625,92.94999694824219
2012-08-01,119.0,139.77499389648438,93.19999694824219
2012-08-02,120.0,139.75,91.5999984741211
2012-08-03,119.9749984741211,138.9499969482422,89.55000305175781
2012-08-06,119.9749984741211,138.4250030517578,88.7249984741211
2012-08-07,120.0,138.64999389648438,89.92500305175781
2012-08-08,121.8499984741211,139.77499389648438,91.57499694824219
2012-08-09,121.42500305175781,139.10000610351562,91.875
2012-08-10,120.5999984741211,139.47500610351562,91.875
2012-08-13,121.82499694824219,141.4499969482422,91.94999694824219
2012-08-14,121.92500305175781,142.9250030517578,91.80000305175781
2012-08-15,122.05000305175781,142.0749969482422,75.5999984741211
2012-08-16,120.8499984741211,140.3249969482422,75.625
2012-08-17,121.07499694824219,140.4250030517578,76.19999694824219
2012-08-20,121.3499984741211,140.5500030517578,75.9000015258789
2012-08-21,119.6500015258789,139.8000030517578,75.80000305175781
2012-08-22,119.92500305175781,140.22500610351562,73.17500305175781
2012-08-23,120.32499694824219,141.27499389648438,72.57499694824219
2012-08-24,119.875,140.5,72.375
2012-08-27,118.4000015258789,140.27499389648438,73.25
2012-08-28,118.82499694824219,140.3000030517578,73.25
2012-08-29,119.4000015258789,140.39999389648438,73.69999694824219
2012-08-30,119.6500015258789,140.1750030517578,74.1500015258789
2012-08-31,118.07499694824219,144.60000610351562,74.17500305175781
2012-09-04,126.17500305175781,145.0,74.19999694824219
2012-09-05,126.32499694824219,145.0500030517578,73.625
2012-09-06,126.05000305175781,144.625,71.75
2012-09-07,126.4749984741211,144.3000030517578,71.3499984741211
2012-09-10,125.75,144.9499969482422,72.57499694824219
2012-09-11,127.0999984741211,144.64999389648438,72.7249984741211
2012-09-12,127.69999694824219,144.9499969482422,73.42500305175781
2012-09-13,127.55000305175781,145.0,73.55000305175781
2012-09-14,127.05000305175781,145.0,74.0250015258789
2012-09-17,125.5,145.3249969482422,73.375
2012-09-18,126.4000015258789,145.27499389648438,74.0999984741211
2012-09-19,126.3499984741211,144.8249969482422,74.75
2012-09-20,125.75,144.125,74.8499984741211
2012-09-21,125.5250015258789,143.8000030517578,75.80000305175781
2012-09-24,125.30000305175781,143.77499389648438,76.5
2012-09-25,122.69999694824219,143.1999969482422,76.2750015258789
2012-09-26,122.2249984741211,143.4499969482422,76.875
2012-09-27,122.44999694824219,143.27499389648438,77.2249984741211
2012-09-28,122.07499694824219,143.8000030517578,77.17500305175781
2012-10-01,123.0250015258789,144.6750030517578,77.57499694824219
2012-10-02,123.2750015258789,145.375,79.1500015258789
2012-10-03,123.07499694824219,145.3000030517578,80.0250015258789
2012-10-04,122.32499694824219,144.47500610351562,81.80000305175781
2012-10-05,123.05000305175781,144.8249969482422,81.32499694824219
2012-10-08,123.3499984741211,144.8249969482422,81.4749984741211
2012-10-09,124.69999694824219,144.6999969482422,81.9000015258789
2012-10-10,124.92500305175781,144.72500610351562,82.57499694824219
2012-10-11,124.5999984741211,142.75,82.32499694824219
2012-10-12,123.9000015258789,143.10000610351562,82.75
2012-10-15,124.1500015258789,144.35000610351562,78.55000305175781
2012-10-16,125.55000305175781,146.10000610351562,78.5999984741211
2012-10-17,126.125,146.9499969482422,79.17500305175781
2012-10-18,126.2249984741211,146.85000610351562,78.8499984741211
2012-10-19,126.30000305175781,146.14999389648438,79.625
2012-10-22,126.4000015258789,145.6750030517578,78.67500305175781
2012-10-23,126.0,145.4250030517578,78.125
2012-10-24,126.19999694824219,145.4250030517578,78.25
2012-10-25,125.75,145.3000030517578,78.125
2012-10-26,125.5,145.3249969482422,78.9000015258789
2012-10-31,126.75,146.3000030517578,78.2750015258789
2012-11-01,125.32499694824219,144.64999389648438,77.875
2012-11-02,125.42500305175781,144.89999389648438,77.75
2012-11-05,125.2750015258789,144.89999389648438,76.92500305175781
2012-11-06,125.67500305175781,144.85000610351562,77.57499694824219
2012-11-07,124.94999694824219,144.1999969482422,80.0999984741211
2012-11-08,125.42500305175781,144.5,80.19999694824219
2012-11-09,125.75,144.1999969482422,80.75
2012-11-12,125.3499984741211,144.0,80.32499694824219
2012-11-13,125.80000305175781,143.52499389648438,80.5
2012-11-14,125.42500305175781,143.1999969482422,80.0999984741211
2012-11-15,125.5999984741211,143.39999389648438,80.07499694824219
2012-11-16,126.1500015258789,145.60000610351562,80.32499694824219
2012-11-19,126.5999984741211,146.0,81.44999694824219
2012-11-20,127.05000305175781,146.0500030517578,81.6500015258789
2012-11-21,128.0749969482422,147.375,81.75
2012-11-23,128.9499969482422,147.875,82.4749984741211
2012-11-26,128.39999389648438,147.35000610351562,82.4749984741211
2012-11-27,128.375,146.9250030517578,82.375
2012-11-28,127.82499694824219,146.0749969482422,83.82499694824219
2012-11-29,128.1999969482422,146.75,83.69999694824219
2012-11-30,126.7249984741211,145.625,84.07499694824219
2012-12-03,127.0,145.60000610351562,83.92500305175781
2012-12-04,126.125,145.5749969482422,84.44999694824219
2012-12-05,126.1500015258789,146.39999389648438,85.0
2012-12-06,126.07499694824219,148.25,83.44999694824219
2012-12-07,125.875,148.77499389648438,82.30000305175781
2012-12-10,125.5999984741211,149.77499389648438,82.1500015258789
2012-12-11,126.55000305175781,152.0749969482422,82.0999984741211
2012-12-12,126.3499984741211,152.75,82.07499694824219
2012-12-13,126.19999694824219,153.125,82.125
2012-12-14,126.9000015258789,153.0749969482422,82.0
2012-12-17,129.0,154.25,84.75
2012-12-18,128.22500610351562,152.1999969482422,85.2750015258789
2012-12-19,129.47500610351562,153.47500610351562,86.57499694824219
2012-12-20,128.9499969482422,152.27499389648438,86.44999694824219
2012-12-21,129.27499389648438,152.14999389648438,86.9000015258789
2012-12-24,129.1750030517578,151.5,87.55000305175781
2012-12-26,129.35000610351562,152.0749969482422,87.44999694824219
2012-12-27,128.85000610351562,151.27499389648438,87.0250015258789
2012-12-28,129.39999389648438,152.02499389648438,86.375
2012-12-31,129.89999389648438,151.39999389648438,85.7249984741211
2013-01-02,132.375,151.1999969482422,86.17500305175781
2013-01-03,133.85000610351562,152.35000610351562,86.4000015258789
2013-01-04,132.9499969482422,153.1750030517578,86.2249984741211
2013-01-07,133.0,153.25,86.30000305175781
2013-01-08,132.5500030517578,152.72500610351562,86.3499984741211
2013-01-09,131.5500030517578,151.5,84.19999694824219
2013-01-10,131.5500030517578,150.85000610351562,84.5999984741211
2013-01-11,130.60000610351562,149.875,84.19999694824219
2013-01-14,130.35000610351562,149.4499969482422,85.2249984741211
2013-01-15,130.4250030517578,148.3249969482422,85.25
2013-01-16,128.52499389648438,147.0749969482422,85.1500015258789
2013-01-17,126.5999984741211,144.39999389648438,85.94999694824219
2013-01-18,124.94999694824219,143.89999389648438,85.3499984741211
2013-01-22,125.7249984741211,144.39999389648438,85.69999694824219
2013-01-23,125.7750015258789,144.1999969482422,85.9749984741211
2013-01-24,125.875,144.60000610351562,87.05000305175781
2013-01-25,126.30000305175781,144.6999969482422,86.82499694824219
2013-01-28,128.9499969482422,145.8000030517578,87.17500305175781
2013-01-29,128.27499389648438,145.8000030517578,87.0999984741211
2013-01-30,128.0,145.8249969482422,87.0999984741211
2013-01-31,127.625,146.3000030517578,87.5999984741211
2013-02-01,127.0999984741211,149.1999969482422,87.6500015258789
2013-02-04,127.07499694824219,148.875,88.07499694824219
2013-02-05,127.5999984741211,148.52499389648438,88.32499694824219
2013-02-06,127.25,147.5500030517578,86.9000015258789
2013-02-07,127.55000305175781,147.1999969482422,86.9749984741211
2013-02-08,126.44999694824219,145.0,86.44999694824219
2013-02-11,126.875,144.8000030517578,86.9000015258789
2013-02-12,126.05000305175781,143.25,87.25
2013-02-13,125.5,141.35000610351562,87.4749984741211
2013-02-14,125.9000015258789,142.6750030517578,87.67500305175781
2013-02-15,126.5,143.375,84.25
2013-02-19,126.4000015258789,143.1750030517578,83.05000305175781
2013-02-20,125.0999984741211,140.72500610351562,82.94999694824219
2013-02-21,125.30000305175781,140.6999969482422,82.375
2013-02-22,126.3499984741211,141.25,81.6500015258789
2013-02-25,126.94999694824219,140.8000030517578,81.9000015258789
2013-02-26,127.2750015258789,141.1750030517578,81.57499694824219
2013-02-27,128.5500030517578,141.4499969482422,81.0
2013-02-28,128.0,142.0,81.0
2013-03-01,129.9499969482422,141.5500030517578,81.125
2013-03-04,130.35000610351562,142.52499389648438,80.30000305175781
2013-03-05,129.625,141.75,79.25
2013-03-06,128.8000030517578,140.9250030517578,79.25
2013-03-07,128.3000030517578,140.47500610351562,81.80000305175781
2013-03-08,127.55000305175781,138.97500610351562,82.0250015258789
2013-03-11,128.125,138.1999969482422,81.1500015258789
2013-03-12,128.6999969482422,138.8000030517578,81.44999694824219
2013-03-13,128.5500030517578,139.0,80.6500015258789
2013-03-14,128.0500030517578,138.27499389648438,80.875
2013-03-15,125.7750015258789,136.6750030517578,79.67500305175781
2013-03-18,126.05000305175781,136.6999969482422,79.4000015258789
2013-03-19,125.30000305175781,136.0,78.2249984741211
2013-03-20,126.05000305175781,135.10000610351562,77.875
2013-03-21,126.42500305175781,135.14999389648438,78.3499984741211
2013-03-22,126.19999694824219,134.64999389648438,78.05000305175781
2013-03-25,126.44999694824219,134.72500610351562,78.4749984741211
2013-03-26,125.94999694824219,134.85000610351562,79.5
2013-03-27,127.3499984741211,135.27499389648438,80.07499694824219
2013-03-28,128.89999389648438,,80.5999984741211
2013-04-01,128.75,145.52499389648438,81.30000305175781
2013-04-02,127.42500305175781,144.72500610351562,80.94999694824219
2013-04-03,127.9749984741211,144.5500030517578,81.32499694824219
2013-04-04,127.25,143.89999389648438,81.42500305175781
2013-04-05,126.0250015258789,142.5749969482422,80.0250015258789
2013-04-08,126.2750015258789,142.75,80.5250015258789
2013-04-09,126.7249984741211,142.625,80.7249984741211
2013-04-10,125.2750015258789,140.5,81.2249984741211
2013-04-11,125.57499694824219,139.22500610351562,81.5999984741211
2013-04-12,125.8499984741211,137.9250030517578,82.2249984741211
2013-04-15,125.05000305175781,136.60000610351562,86.2750015258789
2013-04-16,125.375,136.9499969482422,86.80000305175781
2013-04-17,126.875,136.52499389648438,88.125
2013-04-18,126.19999694824219,134.4499969482422,87.94999694824219
2013-04-19,126.3499984741211,134.02499389648438,87.8499984741211
2013-04-22,125.9749984741211,133.625,87.57499694824219
2013-04-23,126.19999694824219,133.75,87.82499694824219
2013-04-24,126.92500305175781,133.75,88.5999984741211
2013-04-25,127.5999984741211,134.02499389648438,88.9749984741211
2013-04-26,127.8499984741211,141.8000030517578,89.3499984741211
2013-04-29,127.69999694824219,140.4250030517578,89.30000305175781
2013-04-30,128.39999389648438,139.5500030517578,90.0999984741211
2013-05-01,122.4749984741211,139.5,90.9000015258789
2013-05-02,123.6500015258789,140.60000610351562,91.30000305175781
2013-05-03,121.82499694824219,138.77499389648438,91.4000015258789
2013-05-06,121.30000305175781,138.39999389648438,91.05000305175781
2013-05-07,120.82499694824219,136.875,91.44999694824219
2013-05-08,120.19999694824219,135.60000610351562,91.9749984741211
2013-05-09,120.55000305175781,135.75,92.0
2013-05-10,120.44999694824219,135.375,92.0
2013-05-13,120.57499694824219,134.85000610351562,91.92500305175781
2013-05-14,120.7750015258789,135.5,92.0
2013-05-15,120.0,135.0749969482422,91.92500305175781
2013-05-16,119.9000015258789,135.02499389648438,92.875
2013-05-17,119.4000015258789,133.89999389648438,91.5250015258789
2013-05-20,120.125,132.52499389648438,92.07499694824219
2013-05-21,121.0999984741211,131.89999389648438,92.4000015258789
2013-05-22,120.0,131.625,94.55000305175781
2013-05-23,119.125,131.625,94.19999694824219
2013-05-24,120.57499694824219,144.5500030517578,94.875
2013-05-28,120.75,145.47500610351562,94.69999694824219
2013-05-29,121.375,145.625,94.7249984741211
2013-05-30,120.3499984741211,144.1750030517578,95.32499694824219
2013-05-31,121.30000305175781,144.3249969482422,95.625
2013-06-03,120.7249984741211,144.4250030517578,95.82499694824219
2013-06-04,120.94999694824219,145.5749969482422,96.5250015258789
2013-06-05,120.25,144.60000610351562,96.6500015258789
2013-06-06,120.44999694824219,144.64999389648438,97.30000305175781
2013-06-07,120.125,143.625,98.125
2013-06-10,119.19999694824219,143.4250030517578,99.19999694824219
2013-06-11,120.32499694824219,144.6750030517578,100.2750015258789
2013-06-12,120.1500015258789,145.9250030517578,100.94999694824219
2013-06-13,119.8499984741211,145.47500610351562,101.57499694824219
2013-06-14,119.0,143.39999389648438,102.30000305175781
2013-06-17,119.82499694824219,144.52499389648438,97.94999694824219
2013-06-18,119.5,143.8000030517578,98.69999694824219
2013-06-19,120.4749984741211,144.64999389648438,99.9749984741211
2013-06-20,119.94999694824219,144.4250030517578,100.25
2013-06-21,121.25,146.9250030517578,99.75
2013-06-24,120.94999694824219,147.6750030517578,100.94999694824219
2013-06-25,121.1500015258789,147.875,100.1500015258789
2013-06-26,121.2750015258789,148.9250030517578,99.94999694824219
2013-06-27,121.1500015258789,149.6999969482422,101.9749984741211
2013-06-28,118.1500015258789,149.4499969482422,101.2750015258789
2013-07-01,122.17500305175781,151.22500610351562,101.07499694824219
2013-07-02,121.9000015258789,150.89999389648438,101.0
2013-07-03,121.94999694824219,150.9499969482422,101.625
2013-07-05,121.94999694824219,151.8000030517578,102.3499984741211
2013-07-08,122.07499694824219,151.60000610351562,101.125
2013-07-09,122.7249984741211,151.14999389648438,100.8499984741211
2013-07-10,122.07499694824219,150.5500030517578,101.92500305175781
2013-07-11,121.92500305175781,150.125,102.17500305175781
2013-07-12,121.8499984741211,150.125,102.0999984741211
2013-07-15,122.44999694824219,152.64999389648438,102.30000305175781
2013-07-16,122.125,152.5500030517578,96.30000305175781
2013-07-17,121.30000305175781,150.97500610351562,95.80000305175781
2013-07-18,122.0999984741211,152.0749969482422,96.625
2013-07-19,121.9749984741211,152.25,96.4749984741211
2013-07-22,121.875,152.9250030517578,97.125
2013-07-23,121.9000015258789,153.60000610351562,99.17500305175781
2013-07-24,121.57499694824219,153.02499389648438,98.92500305175781
2013-07-25,121.6500015258789,152.35000610351562,98.57499694824219
2013-07-26,121.80000305175781,152.60000610351562,97.7750015258789
2013-07-29,122.0999984741211,153.27499389648438,97.9000015258789
2013-07-30,121.6500015258789,153.25,96.875
2013-07-31,121.44999694824219,153.4250030517578,97.57499694824219
2013-08-01,120.80000305175781,153.75,98.42500305175781
2013-08-02,120.6500015258789,153.72500610351562,99.25
2013-08-05,120.55000305175781,153.97500610351562,100.2249984741211
2013-08-06,120.92500305175781,154.25,100.55000305175781
2013-08-07,121.2249984741211,152.5749969482422,100.2249984741211
2013-08-08,122.67500305175781,154.25,100.625
2013-08-09,122.5,153.85000610351562,100.5250015258789
2013-08-12,123.5999984741211,153.5,101.4000015258789
2013-08-13,123.9000015258789,153.85000610351562,101.80000305175781
2013-08-14,124.0,153.60000610351562,102.42500305175781
2013-08-15,123.69999694824219,154.10000610351562,87.30000305175781
2013-08-16,123.9000015258789,154.77499389648438,86.7249984741211
2013-08-19,123.6500015258789,154.89999389648438,86.4749984741211
2013-08-20,123.8499984741211,155.39999389648438,86.94999694824219
2013-08-21,124.1500015258789,155.5749969482422,85.82499694824219
2013-08-22,123.3499984741211,155.4499969482422,84.4000015258789
2013-08-23,123.0999984741211,155.0,85.0999984741211
2013-08-26,123.4000015258789,154.39999389648438,86.0250015258789
2013-08-27,122.94999694824219,154.72500610351562,86.57499694824219
2013-08-28,123.30000305175781,154.72500610351562,86.05000305175781
2013-08-29,123.55000305175781,155.0500030517578,87.32499694824219
2013-08-30,122.69999694824219,156.9250030517578,87.625
2013-09-03,126.19999694824219,157.1750030517578,88.0
2013-09-04,126.0,157.02499389648438,89.125
2013-09-05,125.2249984741211,156.75,89.4000015258789
2013-09-06,125.67500305175781,156.5749969482422,90.9000015258789
2013-09-09,125.3499984741211,156.60000610351562,90.875
2013-09-10,125.0250015258789,156.39999389648438,90.8499984741211
2013-09-11,125.05000305175781,156.375,90.30000305175781
2013-09-12,124.82499694824219,157.02499389648438,90.19999694824219
2013-09-13,125.25,157.3000030517578,90.69999694824219
2013-09-16,125.55000305175781,157.60000610351562,92.125
2013-09-17,125.17500305175781,156.60000610351562,90.9749984741211
2013-09-18,125.2750015258789,157.14999389648438,91.7249984741211
2013-09-19,125.92500305175781,157.14999389648438,91.1500015258789
2013-09-20,125.94999694824219,157.10000610351562,90.05000305175781
2013-09-23,126.5999984741211,157.625,90.17500305175781
2013-09-24,127.32499694824219,157.9499969482422,92.5
2013-09-25,127.55000305175781,158.6750030517578,93.69999694824219
2013-09-26,127.69999694824219,159.5500030517578,92.80000305175781
2013-09-27,128.25,164.125,92.92500305175781
2013-09-30,127.8499984741211,164.10000610351562,91.9749984741211
2013-10-01,127.25,164.39999389648438,90.92500305175781
2013-10-02,127.30000305175781,164.5749969482422,90.94999694824219
2013-10-03,127.42500305175781,164.10000610351562,91.30000305175781
2013-10-04,128.0500030517578,164.4499969482422,91.8499984741211
2013-10-07,127.875,164.0,91.5999984741211
2013-10-08,128.27499389648438,164.8000030517578,91.2249984741211
2013-10-09,128.0,164.5500030517578,89.82499694824219
2013-10-10,128.3000030517578,165.9250030517578,90.25
2013-10-11,128.8000030517578,167.47500610351562,90.75
2013-10-14,129.4499969482422,167.375,90.75
2013-10-15,128.5,165.6999969482422,87.80000305175781
2013-10-16,129.3000030517578,166.0,88.80000305175781
2013-10-17,129.14999389648438,165.85000610351562,88.44999694824219
2013-10-18,129.875,166.0749969482422,87.94999694824219
2013-10-21,130.125,165.8249969482422,87.4749984741211
2013-10-22,131.10000610351562,166.0500030517578,88.57499694824219
2013-10-23,131.8000030517578,166.14999389648438,88.1500015258789
2013-10-24,132.8000030517578,165.5500030517578,89.5999984741211
2013-10-25,132.5749969482422,165.5500030517578,90.42500305175781
2013-10-28,133.14999389648438,165.97500610351562,91.94999694824219
2013-10-29,133.39999389648438,165.4250030517578,91.3499984741211
2013-10-30,133.35000610351562,165.22500610351562,90.4000015258789
2013-10-31,134.5,165.3249969482422,89.17500305175781
2013-11-01,132.0749969482422,163.5,88.3499984741211
2013-11-04,132.10000610351562,163.60000610351562,88.32499694824219
2013-11-05,132.0500030517578,164.77499389648438,88.25
2013-11-06,132.02499389648438,164.85000610351562,87.3499984741211
2013-11-07,131.6750030517578,164.625,87.55000305175781
2013-11-08,132.39999389648438,164.4250030517578,88.125
2013-11-11,132.75,164.1999969482422,88.05000305175781
2013-11-12,132.6750030517578,164.64999389648438,87.19999694824219
2013-11-13,132.75,164.85000610351562,86.375
2013-11-14,132.97500610351562,165.02499389648438,85.5999984741211
2013-11-15,133.39999389648438,165.14999389648438,85.9000015258789
2013-11-18,131.89999389648438,164.85000610351562,85.5999984741211
2013-11-19,130.9499969482422,164.375,85.42500305175781
2013-11-20,131.0500030517578,164.5749969482422,86.25
2013-11-21,131.4499969482422,164.8000030517578,86.25
2013-11-22,131.47500610351562,163.5,85.625
2013-11-25,131.0749969482422,162.8000030517578,85.5999984741211
2013-11-26,131.9499969482422,164.375,85.625
2013-11-27,133.10000610351562,165.3249969482422,85.80000305175781
2013-11-29,133.47500610351562,165.47500610351562,85.67500305175781
2013-12-02,133.25,165.35000610351562,86.0250015258789
2013-12-03,132.52499389648438,164.85000610351562,84.82499694824219
2013-12-04,132.72500610351562,165.0500030517578,83.67500305175781
2013-12-05,131.64999389648438,164.125,82.5250015258789
2013-12-06,131.4250030517578,164.47500610351562,81.67500305175781
2013-12-09,131.60000610351562,165.14999389648438,81.375
2013-12-10,131.6750030517578,165.5500030517578,80.82499694824219
2013-12-11,131.89999389648438,165.6750030517578,80.92500305175781
2013-12-12,132.25,167.0749969482422,81.32499694824219
2013-12-13,131.875,167.0749969482422,81.25
2013-12-16,132.0,168.39999389648438,86.625
2013-12-17,131.75,167.14999389648438,85.6500015258789
2013-12-18,130.9499969482422,166.0500030517578,86.3499984741211
2013-12-19,131.8000030517578,166.8000030517578,86.375
2013-12-20,132.52499389648438,166.97500610351562,86.25
2013-12-23,132.6999969482422,166.6750030517578,86.19999694824219
2013-12-24,132.35000610351562,166.25,85.875
2013-12-26,132.6999969482422,166.60000610351562,85.30000305175781
2013-12-27,133.85000610351562,167.0,85.6500015258789
2013-12-30,134.39999389648438,167.27499389648438,84.9749984741211
2013-12-31,134.5,166.6999969482422,85.42500305175781
2014-01-02,135.625,167.0,87.07499694824219
2014-01-03,136.3000030517578,167.625,86.67500305175781
2014-01-06,136.8249969482422,168.02499389648438,86.625
2014-01-07,136.52499389648438,168.0500030517578,85.5250015258789
2014-01-08,136.52499389648438,168.47500610351562,85.57499694824219
2014-01-09,136.5500030517578,169.14999389648438,85.25
2014-01-10,136.6999969482422,168.64999389648438,85.82499694824219
2014-01-13,136.60000610351562,167.8249969482422,85.375
2014-01-14,137.64999389648438,168.60000610351562,86.0
2014-01-15,139.4250030517578,169.39999389648438,86.5999984741211
2014-01-16,140.14999389648438,169.8000030517578,86.875
2014-01-17,140.35000610351562,170.0,86.17500305175781
2014-01-21,141.5500030517578,169.8000030517578,85.9749984741211
2014-01-22,143.6750030517578,170.47500610351562,85.55000305175781
2014-01-23,143.9250030517578,170.375,85.57499694824219
2014-01-24,143.39999389648438,170.6999969482422,86.375
2014-01-27,143.14999389648438,170.97500610351562,85.57499694824219
2014-01-28,142.5500030517578,171.4250030517578,85.2750015258789
2014-01-29,142.0749969482422,171.8000030517578,86.5250015258789
2014-01-30,142.14999389648438,171.6750030517578,86.375
2014-01-31,141.6750030517578,169.4250030517578,86.2249984741211
2014-02-03,140.375,168.0,84.875
2014-02-04,139.60000610351562,166.97500610351562,85.2249984741211
2014-02-05,139.6999969482422,166.9250030517578,86.44999694824219
2014-02-06,139.5500030517578,167.0,86.5
2014-02-07,141.1999969482422,167.8000030517578,86.57499694824219
2014-02-10,141.5,167.89999389648438,86.3499984741211
2014-02-11,142.8000030517578,168.77499389648438,86.07499694824219
2014-02-12,142.10000610351562,168.5,86.5
2014-02-13,143.14999389648438,170.72500610351562,86.3499984741211
2014-02-14,142.60000610351562,170.47500610351562,86.5250015258789
2014-02-18,143.75,171.6999969482422,97.375
2014-02-19,143.875,171.1750030517578,97.19999694824219
2014-02-20,144.60000610351562,171.125,97.82499694824219
2014-02-21,144.5500030517578,170.6999969482422,99.3499984741211
2014-02-24,145.14999389648438,170.1999969482422,99.25
2014-02-25,146.4499969482422,171.0749969482422,100.57499694824219
2014-02-26,148.64999389648438,172.0,101.0250015258789
2014-02-27,150.0500030517578,171.8249969482422,103.8499984741211
2014-02-28,151.9499969482422,171.6999969482422,106.8499984741211
2014-03-03,144.125,171.77499389648438,108.67500305175781
2014-03-04,145.625,172.89999389648438,111.67500305175781
2014-03-05,143.6750030517578,172.22500610351562,110.7249984741211
2014-03-06,143.14999389648438,171.39999389648438,112.4000015258789
2014-03-07,143.25,172.375,113.0
2014-03-10,143.14999389648438,173.6999969482422,116.0
2014-03-11,143.22500610351562,173.9250030517578,117.0999984741211
2014-03-12,143.875,173.97500610351562,115.92500305175781
2014-03-13,143.625,173.97500610351562,118.92500305175781
2014-03-14,145.25,174.60000610351562,119.30000305175781
2014-03-17,145.02499389648438,174.75,121.69999694824219
2014-03-18,145.6999969482422,174.125,123.2249984741211
2014-03-19,146.125,174.39999389648438,124.1500015258789
2014-03-20,144.4250030517578,173.625,124.80000305175781
2014-03-21,144.0,175.02499389648438,125.67500305175781
2014-03-24,144.14999389648438,176.6999969482422,124.6500015258789
2014-03-25,144.375,177.22500610351562,121.6500015258789
2014-03-26,145.8000030517578,177.9499969482422,122.4749984741211
2014-03-27,146.47500610351562,178.5500030517578,125.4749984741211
2014-03-28,146.5,178.35000610351562,125.57499694824219
2014-03-31,145.85000610351562,177.02499389648438,126.0
2014-04-01,144.75,176.4499969482422,127.80000305175781
2014-04-02,144.60000610351562,177.22500610351562,127.0
2014-04-03,145.14999389648438,178.8249969482422,125.75
2014-04-04,143.0500030517578,177.6999969482422,123.1500015258789
2014-04-07,143.02499389648438,177.5,125.0250015258789
2014-04-08,143.3249969482422,178.3000030517578,123.30000305175781
2014-04-09,143.75,178.875,125.0250015258789
2014-04-10,144.0,178.27499389648438,125.17500305175781
2014-04-11,144.85000610351562,179.5,124.92500305175781
2014-04-14,145.35000610351562,180.0,124.80000305175781
2014-04-15,145.27499389648438,179.22500610351562,121.5
2014-04-16,145.75,179.25,122.875
2014-04-17,144.1999969482422,178.5500030517578,123.5
2014-04-21,143.4499969482422,,120.80000305175781
2014-04-22,143.6999969482422,,121.0250015258789
2014-04-23,143.9250030517578,,123.9749984741211
2014-04-24,144.25,,122.9000015258789
2014-04-25,145.0,180.0,120.92500305175781
2014-04-28,145.39999389648438,181.10000610351562,120.9749984741211
2014-04-29,145.5,180.5749969482422,120.2750015258789
2014-04-30,145.8249969482422,181.1999969482422,117.67500305175781
2014-05-01,139.25,183.9499969482422,117.375
2014-05-02,138.0500030517578,183.5,117.2249984741211
2014-05-05,137.52499389648438,182.64999389648438,116.9000015258789
2014-05-06,138.3000030517578,183.47500610351562,116.05000305175781
2014-05-07,137.5749969482422,183.02499389648438,115.2249984741211
2014-05-08,137.9250030517578,183.5,114.9000015258789
2014-05-09,138.0500030517578,184.5749969482422,114.67500305175781
2014-05-12,137.64999389648438,184.60000610351562,113.42500305175781
2014-05-13,137.0,184.72500610351562,112.4000015258789
2014-05-14,137.4499969482422,185.39999389648438,112.4000015258789
2014-05-15,137.39999389648438,186.14999389648438,119.42500305175781
2014-05-16,137.89999389648438,187.3000030517578,118.92500305175781
2014-05-19,139.39999389648438,188.47500610351562,119.375
2014-05-20,138.75,189.0500030517578,118.5999984741211
2014-05-21,138.27499389648438,189.1999969482422,119.92500305175781
2014-05-22,137.60000610351562,189.0749969482422,117.5999984741211
2014-05-23,136.3000030517578,192.85000610351562,116.8499984741211
2014-05-27,135.60000610351562,193.5,116.5
2014-05-28,136.14999389648438,195.5749969482422,114.55000305175781
2014-05-29,138.02499389648438,197.0500030517578,114.30000305175781
2014-05-30,137.8000030517578,197.0500030517578,113.3499984741211
2014-06-02,137.6999969482422,197.5749969482422,113.125
2014-06-03,138.35000610351562,198.3000030517578,113.5999984741211
2014-06-04,138.0,198.77499389648438,112.55000305175781
2014-06-05,139.5,199.8249969482422,112.9749984741211
2014-06-06,140.125,200.52499389648438,114.57499694824219
2014-06-09,142.8249969482422,203.52499389648438,114.30000305175781
2014-06-10,143.5,205.1750030517578,115.30000305175781
2014-06-11,143.02499389648438,202.875,115.9749984741211
2014-06-12,146.0,205.85000610351562,115.9749984741211
2014-06-13,147.60000610351562,208.14999389648438,115.9000015258789
2014-06-16,147.4499969482422,208.6999969482422,124.25
2014-06-17,146.5,207.85000610351562,124.92500305175781
2014-06-18,145.89999389648438,204.85000610351562,125.42500305175781
2014-06-19,148.0,207.5500030517578,128.0500030517578
2014-06-20,147.5500030517578,206.875,127.82499694824219
2014-06-23,148.14999389648438,207.89999389648438,128.3000030517578
2014-06-24,151.14999389648438,210.625,130.4250030517578
2014-06-25,151.9499969482422,212.125,129.3000030517578
2014-06-26,153.75,215.125,129.85000610351562
2014-06-27,152.25,214.3249969482422,130.89999389648438
2014-06-30,153.0,212.77499389648438,132.64999389648438
2014-07-01,151.5,215.77499389648438,131.0500030517578
2014-07-02,152.3249969482422,216.1999969482422,130.8000030517578
2014-07-03,155.0,217.625,131.72500610351562
2014-07-07,154.9499969482422,218.0,131.8000030517578
2014-07-08,153.52499389648438,215.89999389648438,132.1999969482422
2014-07-09,150.8000030517578,213.60000610351562,133.3000030517578
2014-07-10,148.14999389648438,210.60000610351562,132.8000030517578
2014-07-11,149.125,210.375,132.8000030517578
2014-07-14,147.8000030517578,210.6750030517578,133.375
2014-07-15,148.5749969482422,211.52499389648438,130.72500610351562
2014-07-16,147.6750030517578,209.8249969482422,130.52499389648438
2014-07-17,150.64999389648438,211.60000610351562,128.85000610351562
2014-07-18,151.625,211.64999389648438,127.07499694824219
2014-07-21,152.9499969482422,213.02499389648438,125.0999984741211
2014-07-22,155.9499969482422,216.02499389648438,127.57499694824219
2014-07-23,156.0500030517578,217.25,124.57499694824219
2014-07-24,156.5500030517578,217.3249969482422,123.19999694824219
2014-07-25,159.10000610351562,218.25,123.625
2014-07-28,159.0500030517578,220.1750030517578,123.67500305175781
2014-07-29,158.77499389648438,221.4250030517578,121.44999694824219
2014-07-30,159.85000610351562,223.02499389648438,119.1500015258789
2014-07-31,157.9250030517578,220.6750030517578,118.0250015258789
2014-08-01,157.3000030517578,220.27499389648438,118.0250015258789
2014-08-04,158.22500610351562,220.97500610351562,117.07499694824219
2014-08-05,158.4499969482422,221.25,115.8499984741211
2014-08-06,158.5500030517578,221.3249969482422,116.4000015258789
2014-08-07,155.5500030517578,218.3249969482422,115.2249984741211
2014-08-08,152.5500030517578,215.3249969482422,114.2249984741211
2014-08-11,152.625,217.47500610351562,114.55000305175781
2014-08-12,149.625,214.5500030517578,114.07499694824219
2014-08-13,148.22500610351562,214.375,115.19999694824219
2014-08-14,150.0,215.125,114.82499694824219
2014-08-15,150.60000610351562,217.22500610351562,94.94999694824219
2014-08-18,151.60000610351562,218.02499389648438,95.0999984741211
2014-08-19,150.5,217.14999389648438,94.82499694824219
2014-08-20,149.25,214.9499969482422,92.5
2014-08-21,149.64999389648438,215.1999969482422,93.625
2014-08-22,151.85000610351562,216.10000610351562,92.875
2014-08-25,152.75,217.39999389648438,93.44999694824219
2014-08-26,153.5500030517578,217.52499389648438,95.0999984741211
2014-08-27,153.1999969482422,218.14999389648438,95.92500305175781
2014-08-28,154.64999389648438,218.52499389648438,95.4749984741211
2014-08-29,155.89999389648438,218.64999389648438,98.125
2014-09-02,152.4250030517578,220.25,99.875
2014-09-03,155.4250030517578,222.6999969482422,101.0999984741211
2014-09-04,157.0500030517578,223.8000030517578,102.6500015258789
2014-09-05,159.75,225.72500610351562,105.625
2014-09-08,158.52499389648438,227.14999389648438,103.07499694824219
2014-09-09,159.6750030517578,228.625,105.7750015258789
2014-09-10,159.6999969482422,228.85000610351562,107.0999984741211
2014-09-11,157.375,228.0500030517578,106.375
2014-09-12,156.27499389648438,229.47500610351562,105.69999694824219
2014-09-15,156.35000610351562,229.25,106.07499694824219
2014-09-16,156.1999969482422,229.60000610351562,106.875
2014-09-17,157.02499389648438,230.3000030517578,105.0999984741211
2014-09-18,155.60000610351562,229.89999389648438,102.9749984741211
2014-09-19,155.625,230.60000610351562,105.9749984741211
2014-09-22,155.5,230.3000030517578,107.30000305175781
2014-09-23,155.4499969482422,230.89999389648438,107.875
2014-09-24,155.3249969482422,231.0749969482422,107.44999694824219
2014-09-25,155.4499969482422,230.875,106.32499694824219
2014-09-26,158.4499969482422,233.10000610351562,106.5250015258789
2014-09-29,160.9499969482422,234.64999389648438,107.32499694824219
2014-09-30,160.4499969482422,235.4250030517578,107.9749984741211
2014-10-01,162.47500610351562,238.4250030517578,107.5999984741211
2014-10-02,162.85000610351562,241.10000610351562,106.7750015258789
2014-10-03,162.39999389648438,240.875,105.5999984741211
2014-10-06,163.0500030517578,240.0,107.17500305175781
2014-10-07,165.77499389648438,241.47500610351562,107.2249984741211
2014-10-08,166.10000610351562,242.3249969482422,108.125
2014-10-09,164.0,241.64999389648438,109.5
2014-10-10,164.89999389648438,240.5,109.44999694824219
2014-10-13,166.5,241.3000030517578,109.3499984741211
2014-10-14,164.35000610351562,238.72500610351562,109.5250015258789
2014-10-15,162.9499969482422,237.39999389648438,91.92500305175781
2014-10-16,165.25,240.1999969482422,90.32499694824219
2014-10-17,165.0500030517578,238.4499969482422,90.57499694824219
2014-10-20,167.89999389648438,240.75,89.1500015258789
2014-10-21,166.5500030517578,238.9499969482422,88.44999694824219
2014-10-22,168.0500030517578,239.4499969482422,89.75
2014-10-23,169.0500030517578,240.22500610351562,88.7249984741211
2014-10-24,168.25,237.89999389648438,90.25
2014-10-27,169.5500030517578,238.3249969482422,89.05000305175781
2014-10-28,169.1999969482422,238.27499389648438,90.19999694824219
2014-10-29,169.0,238.85000610351562,88.5999984741211
2014-10-30,170.5,239.75,87.19999694824219
2014-10-31,169.5,234.14999389648438,88.0250015258789
2014-11-03,167.0500030517578,235.5749969482422,88.8499984741211
2014-11-04,166.64999389648438,237.125,87.9749984741211
2014-11-05,165.1999969482422,235.77499389648438,87.125
2014-11-06,165.35000610351562,236.52499389648438,87.6500015258789
2014-11-07,166.8000030517578,238.52499389648438,88.7750015258789
2014-11-10,167.125,239.02499389648438,89.55000305175781
2014-11-11,167.25,238.85000610351562,89.9000015258789
2014-11-12,167.75,239.35000610351562,90.67500305175781
2014-11-13,169.64999389648438,239.35000610351562,91.2750015258789
2014-11-14,170.1999969482422,240.0,92.67500305175781
2014-11-17,171.0,240.02499389648438,93.0
2014-11-18,170.8249969482422,240.4250030517578,91.55000305175781
2014-11-19,170.8249969482422,240.5500030517578,91.7750015258789
2014-11-20,170.25,240.4250030517578,90.7750015258789
2014-11-21,170.89999389648438,236.35000610351562,90.6500015258789
2014-11-24,169.5,233.35000610351562,91.32499694824219
2014-11-25,170.14999389648438,231.375,90.94999694824219
2014-11-26,169.25,230.5,90.94999694824219
2014-11-28,168.875,231.0749969482422,90.32499694824219
2014-12-01,169.9499969482422,234.0749969482422,90.125
2014-12-02,168.625,235.5500030517578,89.5
2014-12-03,166.85000610351562,234.8249969482422,88.05000305175781
2014-12-04,166.4499969482422,235.9499969482422,87.625
2014-12-05,164.4499969482422,234.875,86.5999984741211
2014-12-08,161.4499969482422,231.875,86.57499694824219
2014-12-09,162.39999389648438,232.77499389648438,86.94999694824219
2014-12-10,162.47500610351562,231.60000610351562,87.2750015258789
2014-12-11,162.39999389648438,228.60000610351562,87.55000305175781
2014-12-12,162.0500030517578,225.60000610351562,87.5250015258789
2014-12-15,161.97500610351562,222.60000610351562,83.2750015258789
2014-12-16,158.97500610351562,219.60000610351562,81.67500305175781
2014-12-17,156.4250030517578,216.60000610351562,80.4749984741211
2014-12-18,158.6999969482422,217.0749969482422,81.875
2014-12-19,160.75,220.14999389648438,81.9000015258789
2014-12-22,161.85000610351562,220.5,80.25
2014-12-23,161.85000610351562,217.125,81.6500015258789
2014-12-24,162.5,214.75,81.30000305175781
2014-12-26,164.75,213.72500610351562,81.55000305175781
2014-12-29,166.5,217.4499969482422,81.80000305175781
2014-12-30,165.875,218.3249969482422,81.17500305175781
2014-12-31,165.6999969482422,219.4499969482422,81.19999694824219
2015-01-02,165.6750030517578,223.9499969482422,81.30000305175781
2015-01-05,166.22500610351562,225.6750030517578,79.92500305175781
2015-01-06,166.02499389648438,224.6999969482422,78.57499694824219
2015-01-07,165.89999389648438,225.64999389648438,79.32499694824219
2015-01-08,163.60000610351562,225.625,78.17500305175781
2015-01-09,160.60000610351562,222.4250030517578,79.0250015258789
2015-01-12,160.4499969482422,223.39999389648438,76.6500015258789
2015-01-13,157.4499969482422,221.5500030517578,75.17500305175781
2015-01-14,155.75,220.14999389648438,76.0250015258789
2015-01-15,154.1999969482422,215.64999389648438,75.625
2015-01-16,154.4499969482422,214.10000610351562,74.5
2015-01-20,153.0500030517578,214.47500610351562,71.7750015258789
2015-01-21,153.6999969482422,215.6999969482422,72.3499984741211
2015-01-22,153.35000610351562,215.97500610351562,71.5999984741211
2015-01-23,150.35000610351562,213.6999969482422,69.30000305175781
2015-01-26,149.8249969482422,211.64999389648438,70.82499694824219
2015-01-27,152.8249969482422,210.77499389648438,69.42500305175781
2015-01-28,153.9499969482422,212.4499969482422,71.5250015258789
2015-01-29,153.52499389648438,212.39999389648438,68.55000305175781
2015-01-30,154.85000610351562,205.1999969482422,67.4749984741211
2015-02-02,153.1999969482422,200.6999969482422,66.32499694824219
2015-02-03,153.75,199.5,67.19999694824219
2015-02-04,153.0,196.72500610351562,65.0999984741211
2015-02-05,153.4250030517578,195.64999389648438,63.275001525878906
2015-02-06,156.0749969482422,199.4499969482422,63.875
2015-02-09,158.4499969482422,203.625,61.275001525878906
2015-02-10,159.10000610351562,202.02499389648438,61.525001525878906
2015-02-11,158.60000610351562,198.75,61.224998474121094
2015-02-12,159.10000610351562,200.3000030517578,61.95000076293945
2015-02-13,160.0,203.85000610351562,62.07500076293945
2015-02-17,158.60000610351562,201.4499969482422,64.0
2015-02-18,159.1750030517578,203.10000610351562,64.2249984741211
2015-02-19,158.9250030517578,202.5500030517578,67.05000305175781
2015-02-20,156.6999969482422,199.1750030517578,67.4000015258789
2015-02-23,156.02499389648438,198.0749969482422,68.32499694824219
2015-02-24,156.64999389648438,195.60000610351562,68.57499694824219
2015-02-25,158.35000610351562,196.97500610351562,69.32499694824219
2015-02-26,161.125,200.3000030517578,67.1500015258789
2015-02-27,158.0,201.89999389648438,67.4749984741211
2015-03-02,153.4499969482422,204.10000610351562,67.67500305175781
2015-03-03,151.0500030517578,202.72500610351562,65.5999984741211
2015-03-04,154.0500030517578,207.22500610351562,68.0
2015-03-05,153.27499389648438,206.5749969482422,66.82499694824219
2015-03-06,154.64999389648438,209.72500610351562,66.125
2015-03-09,154.0,209.6999969482422,66.07499694824219
2015-03-10,154.75,212.22500610351562,65.9749984741211
2015-03-11,155.60000610351562,214.60000610351562,64.125
2015-03-12,155.8000030517578,214.6750030517578,62.29999923706055
2015-03-13,154.27499389648438,213.125,62.099998474121094
2015-03-16,153.1999969482422,212.4250030517578,62.20000076293945
2015-03-17,153.5749969482422,211.5749969482422,61.775001525878906
2015-03-18,156.5749969482422,214.25,60.70000076293945
2015-03-19,158.0,214.0500030517578,58.125
2015-03-20,158.35000610351562,214.875,58.45000076293945
2015-03-23,161.35000610351562,216.97500610351562,59.25
2015-03-24,162.0,217.1750030517578,58.599998474121094
2015-03-25,161.72500610351562,217.6999969482422,59.82500076293945
2015-03-26,161.6750030517578,217.4499969482422,60.974998474121094
2015-03-27,162.625,219.27499389648438,61.125
2015-03-30,162.5,218.625,61.29999923706055
2015-03-31,161.3249969482422,218.125,62.42499923706055
2015-04-01,161.8000030517578,218.625,62.900001525878906
2015-04-02,163.02499389648438,220.375,63.17499923706055
2015-04-06,162.4499969482422,219.8000030517578,63.25
2015-04-07,163.0,217.6750030517578,62.57500076293945
2015-04-08,161.5500030517578,216.22500610351562,62.29999923706055
2015-04-09,161.8000030517578,216.47500610351562,62.099998474121094
2015-04-10,158.8000030517578,212.4499969482422,62.54999923706055
2015-04-13,158.8249969482422,212.25,63.099998474121094
2015-04-14,159.60000610351562,213.1999969482422,63.17499923706055
2015-04-15,160.72500610351562,215.22500610351562,62.875
2015-04-16,160.8000030517578,215.8000030517578,71.0250015258789
2015-04-17,157.8000030517578,213.0,70.5250015258789
2015-04-20,155.35000610351562,211.8249969482422,70.2750015258789
2015-04-21,156.3000030517578,212.64999389648438,71.5999984741211
2015-04-22,156.3000030517578,212.5500030517578,70.69999694824219
2015-04-23,159.3000030517578,214.27499389648438,71.92500305175781
2015-04-24,161.1750030517578,214.85000610351562,71.94999694824219
2015-04-27,160.47500610351562,214.89999389648438,72.2750015258789
2015-04-28,161.0,215.97500610351562,73.75
2015-04-29,160.8000030517578,216.52499389648438,75.32499694824219
2015-04-30,159.5,217.5500030517578,76.94999694824219
2015-05-01,149.1750030517578,213.625,76.0
2015-05-04,150.72500610351562,215.14999389648438,76.92500305175781
2015-05-05,151.4499969482422,215.375,79.0
2015-05-06,150.22500610351562,214.5,80.3499984741211
2015-05-07,149.375,214.89999389648438,79.8499984741211
2015-05-08,151.5,215.875,80.8499984741211
2015-05-11,150.25,216.77499389648438,80.69999694824219
2015-05-12,151.47500610351562,217.6999969482422,81.30000305175781
2015-05-13,151.97500610351562,218.75,81.375
2015-05-14,153.8000030517578,219.25,81.69999694824219
2015-05-15,152.52499389648438,219.0,83.3499984741211
2015-05-18,151.5749969482422,218.97500610351562,82.4000015258789
2015-05-19,151.97500610351562,219.35000610351562,82.1500015258789
2015-05-20,151.35000610351562,219.72500610351562,82.55000305175781
2015-05-21,152.375,220.10000610351562,83.7750015258789
2015-05-22,152.125,219.0,83.7249984741211
2015-05-26,151.8000030517578,219.60000610351562,83.17500305175781
2015-05-27,152.47500610351562,221.4250030517578,83.7750015258789
2015-05-28,153.5,224.9499969482422,84.5999984741211
2015-05-29,152.3249969482422,222.9499969482422,83.82499694824219
2015-06-01,153.14999389648438,223.5500030517578,84.6500015258789
2015-06-02,153.3000030517578,223.3249969482422,84.4749984741211
2015-06-03,152.5,221.89999389648438,83.55000305175781
2015-06-04,153.22500610351562,222.5749969482422,82.19999694824219
2015-06-05,152.8249969482422,221.89999389648438,81.67500305175781
2015-06-08,153.47500610351562,222.85000610351562,81.55000305175781
2015-06-09,155.0749969482422,224.22500610351562,81.19999694824219
2015-06-10,155.8000030517578,226.77499389648438,81.30000305175781
2015-06-11,155.22500610351562,226.25,81.375
2015-06-12,152.4499969482422,223.4499969482422,81.44999694824219
2015-06-15,152.1750030517578,223.89999389648438,77.19999694824219
2015-06-16,152.0500030517578,224.85000610351562,77.1500015258789
2015-06-17,151.9499969482422,224.72500610351562,78.0
2015-06-18,150.4250030517578,221.9250030517578,78.0250015258789
2015-06-19,151.89999389648438,223.4250030517578,75.75
2015-06-22,152.4499969482422,225.77499389648438,74.2249984741211
2015-06-23,152.0,225.35000610351562,74.3499984741211
2015-06-24,150.6750030517578,223.5500030517578,74.7249984741211
2015-06-25,148.5,219.0500030517578,74.6500015258789
2015-06-26,148.39999389648438,217.25,75.44999694824219
2015-06-29,149.6750030517578,219.0749969482422,74.25
2015-06-30,147.85000610351562,214.72500610351562,76.19999694824219
2015-07-01,151.0749969482422,218.5,77.0999984741211
2015-07-02,151.22500610351562,217.4499969482422,78.7750015258789
2015-07-06,150.5,216.97500610351562,78.7249984741211
2015-07-07,151.0749969482422,217.125,79.25
2015-07-08,149.0,213.625,79.5
2015-07-09,148.47500610351562,211.75,78.7249984741211
2015-07-10,147.47500610351562,211.25,78.9749984741211
2015-07-13,146.60000610351562,211.22500610351562,79.07499694824219
2015-07-14,147.14999389648438,214.3000030517578,79.92500305175781
2015-07-15,147.02499389648438,215.3249969482422,80.4749984741211
2015-07-16,146.5,214.47500610351562,76.0
2015-07-17,146.64999389648438,215.1999969482422,75.67500305175781
2015-07-20,146.75,216.3249969482422,74.9000015258789
2015-07-21,145.14999389648438,213.0749969482422,75.875
2015-07-22,144.5,212.375,78.5250015258789
2015-07-23,143.35000610351562,209.77499389648438,78.2750015258789
2015-07-24,143.02499389648438,209.6750030517578,77.67500305175781
2015-07-27,143.02499389648438,208.75,77.5250015258789
2015-07-28,145.0500030517578,211.25,79.4749984741211
2015-07-29,144.9250030517578,211.47500610351562,79.8499984741211
2015-07-30,145.22500610351562,211.22500610351562,79.67500305175781
2015-07-31,145.6999969482422,210.72500610351562,78.5
2015-08-03,148.0,213.85000610351562,80.19999694824219
2015-08-04,148.22500610351562,213.9499969482422,81.4000015258789
2015-08-05,148.6750030517578,214.125,80.2249984741211
2015-08-06,149.72500610351562,214.97500610351562,78.07499694824219
2015-08-07,149.5749969482422,214.125,77.32499694824219
2015-08-10,150.25,214.25,76.6500015258789
2015-08-11,150.1750030517578,214.0749969482422,76.7249984741211
2015-08-12,148.6999969482422,213.875,77.8499984741211
2015-08-13,148.85000610351562,214.02499389648438,78.625
2015-08-14,148.4499969482422,213.89999389648438,78.82499694824219
2015-08-17,147.89999389648438,214.39999389648438,66.2750015258789
2015-08-18,147.1999969482422,214.5500030517578,66.125
2015-08-19,145.25,213.8000030517578,66.0
2015-08-20,146.47500610351562,213.1999969482422,64.75
2015-08-21,145.4250030517578,212.0,62.82500076293945
2015-08-24,143.85000610351562,210.8249969482422,65.82499694824219
2015-08-25,143.6750030517578,210.89999389648438,67.5
2015-08-26,142.4250030517578,210.27499389648438,67.0
2015-08-27,144.64999389648438,210.0,67.05000305175781
2015-08-28,146.52499389648438,202.39999389648438,66.42500305175781
2015-08-31,145.5,201.8249969482422,68.0250015258789
2015-09-01,141.3249969482422,200.27499389648438,67.9749984741211
2015-09-02,141.22500610351562,200.75,69.7750015258789
2015-09-03,141.60000610351562,202.5500030517578,69.44999694824219
2015-09-04,140.47500610351562,201.35000610351562,69.1500015258789
2015-09-08,143.47500610351562,204.3000030517578,68.7750015258789
2015-09-09,142.97500610351562,203.8249969482422,68.92500305175781
2015-09-10,142.9499969482422,203.9499969482422,68.55000305175781
2015-09-11,140.60000610351562,200.6999969482422,67.32499694824219
2015-09-14,141.47500610351562,200.14999389648438,66.82499694824219
2015-09-15,140.60000610351562,198.3249969482422,69.375
2015-09-16,137.60000610351562,194.125,68.25
2015-09-17,136.85000610351562,193.1999969482422,70.57499694824219
2015-09-18,136.0,192.8000030517578,71.05000305175781
2015-09-21,137.0,194.6999969482422,71.625
2015-09-22,136.22500610351562,195.6999969482422,71.0
2015-09-23,133.22500610351562,194.9499969482422,70.55000305175781
2015-09-24,130.6999969482422,194.22500610351562,71.6500015258789
2015-09-25,133.6999969482422,184.60000610351562,71.875
2015-09-28,132.1750030517578,185.27499389648438,71.42500305175781
2015-09-29,129.1750030517578,180.8249969482422,73.25
2015-09-30,124.67500305175781,178.1750030517578,73.5250015258789
2015-10-01,121.4000015258789,177.39999389648438,72.625
2015-10-02,123.07499694824219,179.5,73.3499984741211
2015-10-05,122.125,178.125,73.0
2015-10-06,125.125,182.52499389648438,73.5999984741211
2015-10-07,129.35000610351562,184.9499969482422,73.82499694824219
2015-10-08,131.1750030517578,187.875,74.0
2015-10-09,130.77499389648438,188.97500610351562,73.82499694824219
2015-10-12,131.9250030517578,189.375,74.30000305175781
2015-10-13,132.4250030517578,189.6999969482422,74.8499984741211
2015-10-14,133.75,190.8000030517578,75.0999984741211
2015-10-15,132.9499969482422,189.77499389648438,66.82499694824219
2015-10-16,135.9499969482422,193.8000030517578,65.57499694824219
2015-10-19,138.27499389648438,195.0,65.9749984741211
2015-10-20,140.25,194.875,67.8499984741211
2015-10-21,139.97500610351562,194.25,67.0250015258789
2015-10-22,140.4250030517578,195.5500030517578,66.44999694824219
2015-10-23,141.02499389648438,195.0500030517578,63.599998474121094
2015-10-26,139.5500030517578,193.6750030517578,62.849998474121094
2015-10-27,136.6750030517578,192.60000610351562,61.25
2015-10-28,139.6750030517578,193.5,61.400001525878906
2015-10-29,140.125,193.14999389648438,59.875
2015-10-30,139.25,190.89999389648438,59.20000076293945
2015-11-02,141.6750030517578,192.27499389648438,58.224998474121094
2015-11-03,140.22500610351562,190.64999389648438,58.224998474121094
2015-11-04,137.22500610351562,186.14999389648438,57.375
2015-11-05,134.39999389648438,181.625,55.400001525878906
2015-11-06,134.9250030517578,181.625,55.0
2015-11-09,131.9250030517578,177.125,53.724998474121094
2015-11-10,128.3249969482422,171.5500030517578,53.54999923706055
2015-11-11,131.3249969482422,174.85000610351562,56.17499923706055
2015-11-12,133.14999389648438,175.375,56.099998474121094
2015-11-13,130.6750030517578,175.0749969482422,54.79999923706055
2015-11-16,127.67500305175781,172.3000030517578,51.79999923706055
2015-11-17,128.02499389648438,173.47500610351562,54.17499923706055
2015-11-18,130.97500610351562,174.875,54.375
2015-11-19,129.89999389648438,175.22500610351562,55.400001525878906
2015-11-20,129.6999969482422,163.64999389648438,57.45000076293945
2015-11-23,132.1750030517578,165.39999389648438,57.45000076293945
2015-11-24,130.25,164.6750030517578,57.224998474121094
2015-11-25,130.9499969482422,164.97500610351562,58.79999923706055
2015-11-27,131.8249969482422,166.02499389648438,58.724998474121094
2015-11-30,130.0500030517578,162.75,58.42499923706055
2015-12-01,132.10000610351562,164.39999389648438,59.95000076293945
2015-12-02,129.10000610351562,160.72500610351562,59.349998474121094
2015-12-03,125.69999694824219,159.75,58.349998474121094
2015-12-04,124.2750015258789,159.4499969482422,57.04999923706055
2015-12-07,121.625,156.4499969482422,55.474998474121094
2015-12-08,122.25,153.85000610351562,55.32500076293945
2015-12-09,119.8499984741211,150.625,56.75
2015-12-10,121.55000305175781,153.0500030517578,56.224998474121094
2015-12-11,121.44999694824219,152.125,56.0
2015-12-14,119.5250015258789,148.14999389648438,55.54999923706055
2015-12-15,120.30000305175781,148.52499389648438,58.92499923706055
2015-12-16,119.9749984741211,147.6999969482422,57.900001525878906
2015-12-17,117.1500015258789,144.25,55.775001525878906
2015-12-18,120.1500015258789,148.75,56.625
2015-12-21,123.4000015258789,155.5,56.45000076293945
2015-12-22,125.5999984741211,158.64999389648438,56.849998474121094
2015-12-23,128.60000610351562,163.0749969482422,57.775001525878906
2015-12-24,131.10000610351562,163.47500610351562,58.29999923706055
2015-12-28,130.85000610351562,162.64999389648438,59.125
2015-12-29,130.1999969482422,162.47500610351562,59.150001525878906
2015-12-30,133.0,165.9499969482422,59.775001525878906
2015-12-31,135.8000030517578,166.89999389648438,59.79999923706055
2016-01-04,136.4250030517578,167.625,59.42499923706055
2016-01-05,136.77499389648438,167.77499389648438,61.099998474121094
2016-01-06,136.52499389648438,168.3249969482422,60.82500076293945
2016-01-07,133.52499389648438,163.8249969482422,59.54999923706055
2016-01-08,132.875,159.4250030517578,59.849998474121094
2016-01-11,132.22500610351562,159.4499969482422,59.70000076293945
2016-01-12,131.60000610351562,160.22500610351562,61.900001525878906
2016-01-13,132.10000610351562,160.77499389648438,61.625
2016-01-14,130.5500030517578,158.8000030517578,62.349998474121094
2016-01-15,127.55000305175781,154.3000030517578,62.025001525878906
2016-01-19,129.3000030517578,156.5500030517578,62.849998474121094
2016-01-20,127.25,155.0,62.724998474121094
2016-01-21,130.25,158.6750030517578,63.75
2016-01-22,132.0749969482422,159.4250030517578,63.0
2016-01-25,131.4250030517578,160.22500610351562,63.525001525878906
2016-01-26,133.02499389648438,161.10000610351562,64.32499694824219
2016-01-27,135.72500610351562,160.9250030517578,65.375
2016-01-28,135.4250030517578,161.3000030517578,65.30000305175781
2016-01-29,135.3000030517578,157.25,65.80000305175781
2016-02-01,135.6750030517578,157.77499389648438,65.3499984741211
2016-02-02,135.72500610351562,157.85000610351562,64.19999694824219
2016-02-03,136.85000610351562,157.9499969482422,64.55000305175781
2016-02-04,137.0749969482422,156.52499389648438,65.125
2016-02-05,136.0500030517578,153.8249969482422,64.80000305175781
2016-02-08,133.0500030517578,149.3249969482422,65.0250015258789
2016-02-09,131.39999389648438,149.0,64.8499984741211
2016-02-10,132.47500610351562,151.22500610351562,65.1500015258789
2016-02-11,130.125,150.25,65.5250015258789
2016-02-12,129.9499969482422,150.02499389648438,65.94999694824219
2016-02-16,132.9499969482422,154.5,70.1500015258789
2016-02-17,134.10000610351562,156.0,71.1500015258789
2016-02-18,135.14999389648438,156.47500610351562,70.7750015258789
2016-02-19,135.375,155.875,68.9000015258789
2016-02-22,136.4250030517578,155.1750030517578,69.25
2016-02-23,136.9499969482422,157.02499389648438,69.94999694824219
2016-02-24,136.97500610351562,157.9499969482422,71.4749984741211
2016-02-25,137.875,159.10000610351562,71.125
2016-02-26,137.5500030517578,158.64999389648438,70.8499984741211
2016-02-29,139.5,158.14999389648438,69.9749984741211
2016-03-01,137.10000610351562,158.0500030517578,70.4000015258789
2016-03-02,136.3000030517578,158.3000030517578,70.05000305175781
2016-03-03,135.4499969482422,157.60000610351562,70.3499984741211
2016-03-04,136.35000610351562,158.5,70.80000305175781
2016-03-07,135.9499969482422,157.9499969482422,70.05000305175781
2016-03-08,137.125,158.97500610351562,69.7750015258789
2016-03-09,136.77499389648438,159.0500030517578,72.0999984741211
2016-03-10,138.3000030517578,161.5500030517578,72.17500305175781
2016-03-11,139.8000030517578,162.39999389648438,71.82499694824219
2016-03-14,139.3000030517578,162.0500030517578,70.7750015258789
2016-03-15,140.72500610351562,163.97500610351562,70.7249984741211
2016-03-16,141.5500030517578,164.4499969482422,71.30000305175781
2016-03-17,141.14999389648438,163.72500610351562,71.30000305175781
2016-03-18,139.8249969482422,163.22500610351562,71.44999694824219
2016-03-21,138.35000610351562,162.375,69.3499984741211
2016-03-22,136.4250030517578,161.5500030517578,70.1500015258789
2016-03-23,135.4499969482422,161.39999389648438,69.67500305175781
2016-03-24,135.85000610351562,160.97500610351562,69.625
2016-03-28,135.10000610351562,,69.92500305175781
2016-03-29,134.85000610351562,,70.25
2016-03-30,132.35000610351562,,68.92500305175781
2016-03-31,132.9250030517578,,68.3499984741211
2016-04-01,132.97500610351562,156.1999969482422,67.80000305175781
2016-04-04,133.1999969482422,156.6750030517578,67.67500305175781
2016-04-05,130.6750030517578,152.625,67.375
2016-04-06,132.0749969482422,153.1750030517578,67.5
2016-04-07,132.4250030517578,154.14999389648438,67.125
2016-04-08,134.375,155.89999389648438,66.82499694824219
2016-04-11,134.0749969482422,155.5500030517578,66.3499984741211
2016-04-12,133.52499389648438,155.27499389648438,66.5999984741211
2016-04-13,132.1750030517578,154.8000030517578,66.5250015258789
2016-04-14,131.75,154.9250030517578,66.80000305175781
2016-04-15,131.47500610351562,155.0749969482422,74.4000015258789
2016-04-18,128.47500610351562,150.5749969482422,74.8499984741211
2016-04-19,127.32499694824219,150.1750030517578,76.19999694824219
2016-04-20,126.30000305175781,149.39999389648438,77.2249984741211
2016-04-21,126.5,149.4499969482422,77.0250015258789
2016-04-22,124.7249984741211,147.9499969482422,75.69999694824219
2016-04-25,125.55000305175781,146.02499389648438,74.92500305175781
2016-04-26,126.80000305175781,146.5749969482422,74.7750015258789
2016-04-27,126.0,146.3000030517578,76.55000305175781
2016-04-28,122.8499984741211,145.52499389648438,77.32499694824219
2016-04-29,123.0999984741211,140.4250030517578,77.9000015258789
2016-05-02,115.80000305175781,141.4250030517578,78.42500305175781
2016-05-03,116.375,143.39999389648438,78.4749984741211
2016-05-04,117.44999694824219,144.9250030517578,77.375
2016-05-05,119.625,147.9499969482422,77.57499694824219
2016-05-06,120.7249984741211,147.375,76.80000305175781
2016-05-09,123.30000305175781,150.8000030517578,76.0999984741211
2016-05-10,123.2750015258789,150.1999969482422,76.69999694824219
2016-05-11,122.82499694824219,149.0,76.875
2016-05-12,122.57499694824219,147.8249969482422,76.92500305175781
2016-05-13,123.42500305175781,147.0500030517578,76.8499984741211
2016-05-16,123.0250015258789,148.64999389648438,83.0250015258789
2016-05-17,123.32499694824219,149.52499389648438,82.75
2016-05-18,123.125,149.5,81.2249984741211
2016-05-19,121.55000305175781,148.27499389648438,80.42500305175781
2016-05-20,121.05000305175781,148.625,79.8499984741211
2016-05-23,118.1500015258789,147.0,79.07499694824219
2016-05-24,118.0,146.0,79.67500305175781
2016-05-25,118.1500015258789,145.47500610351562,80.17500305175781
2016-05-26,118.92500305175781,145.89999389648438,80.55000305175781
2016-05-27,119.69999694824219,146.6999969482422,80.5250015258789
2016-05-31,121.0999984741211,147.10000610351562,80.57499694824219
2016-06-01,121.42500305175781,146.4250030517578,81.1500015258789
2016-06-02,121.7249984741211,146.39999389648438,82.0250015258789
2016-06-03,122.0,146.6750030517578,82.30000305175781
2016-06-06,120.7750015258789,145.52499389648438,82.25
2016-06-07,121.2249984741211,145.4499969482422,81.8499984741211
2016-06-08,123.0250015258789,147.375,82.05000305175781
2016-06-09,123.19999694824219,147.3000030517578,82.67500305175781
2016-06-10,122.44999694824219,145.5500030517578,82.2750015258789
2016-06-13,119.44999694824219,141.0500030517578,81.82499694824219
2016-06-14,119.05000305175781,142.14999389648438,81.67500305175781
2016-06-15,117.2750015258789,140.25,86.82499694824219
2016-06-16,117.2750015258789,139.625,87.07499694824219
2016-06-17,116.7249984741211,137.4250030517578,86.17500305175781
2016-06-20,114.5,136.6750030517578,86.42500305175781
2016-06-21,115.05000305175781,139.27499389648438,86.19999694824219
2016-06-22,115.3499984741211,140.1750030517578,84.4749984741211
2016-06-23,116.75,142.375,84.2750015258789
2016-06-24,114.69999694824219,139.4499969482422,84.05000305175781
2016-06-27,115.92500305175781,140.1750030517578,83.1500015258789
2016-06-28,117.07499694824219,140.6750030517578,83.1500015258789
2016-06-29,118.9000015258789,143.0500030517578,83.0999984741211
2016-06-30,120.0,144.3000030517578,82.8499984741211
2016-07-01,112.9749984741211,142.4499969482422,82.67500305175781
2016-07-05,113.6500015258789,144.0749969482422,82.05000305175781
2016-07-06,112.80000305175781,144.5749969482422,81.57499694824219
2016-07-07,111.80000305175781,143.625,81.05000305175781
2016-07-08,112.2249984741211,143.4499969482422,80.05000305175781
2016-07-11,109.3499984741211,139.4499969482422,79.625
2016-07-12,108.9000015258789,138.60000610351562,79.94999694824219
2016-07-13,111.44999694824219,139.27499389648438,80.17500305175781
2016-07-14,112.7249984741211,141.6999969482422,80.30000305175781
2016-07-15,110.92500305175781,139.5749969482422,80.0
2016-07-18,112.44999694824219,141.1750030517578,77.82499694824219
2016-07-19,110.4000015258789,139.89999389648438,77.3499984741211
2016-07-20,109.42500305175781,138.625,76.19999694824219
2016-07-21,107.5250015258789,134.39999389648438,74.44999694824219
2016-07-22,109.94999694824219,137.1999969482422,75.2750015258789
2016-07-25,112.94999694824219,141.6999969482422,75.67500305175781
2016-07-26,113.875,142.4499969482422,74.5999984741211
2016-07-27,113.94999694824219,142.27499389648438,71.67500305175781
2016-07-28,113.32499694824219,140.47500610351562,68.8499984741211
2016-07-29,113.07499694824219,140.0500030517578,68.9749984741211
2016-08-01,115.92500305175781,144.5500030517578,68.6500015258789
2016-08-02,116.2249984741211,145.47500610351562,68.92500305175781
2016-08-03,116.75,147.47500610351562,68.3499984741211
2016-08-04,116.32499694824219,147.5749969482422,67.69999694824219
2016-08-05,117.67500305175781,149.64999389648438,67.44999694824219
2016-08-08,116.92500305175781,149.125,67.0999984741211
2016-08-09,116.9749984741211,150.1750030517578,66.92500305175781
2016-08-10,116.8499984741211,149.72500610351562,67.125
2016-08-11,116.0250015258789,148.72500610351562,67.19999694824219
2016-08-12,116.32499694824219,149.0749969482422,67.1500015258789
2016-08-15,115.92500305175781,148.64999389648438,62.5
2016-08-16,115.5,147.125,59.849998474121094
2016-08-17,114.75,146.72500610351562,61.0
2016-08-18,113.57499694824219,145.02499389648438,60.70000076293945
2016-08-19,113.55000305175781,146.0749969482422,61.92499923706055
2016-08-22,113.42500305175781,147.02499389648438,61.150001525878906
2016-08-23,113.25,146.4499969482422,60.525001525878906
2016-08-24,112.7249984741211,146.64999389648438,60.32500076293945
2016-08-25,112.4749984741211,146.72500610351562,58.70000076293945
2016-08-26,110.3499984741211,139.9250030517578,61.32500076293945
2016-08-29,110.75,139.14999389648438,61.375
2016-08-30,111.5,142.52499389648438,62.04999923706055
2016-08-31,111.94999694824219,140.52499389648438,62.849998474121094
2016-09-01,103.57499694824219,137.3000030517578,63.32500076293945
2016-09-02,101.5999984741211,134.875,60.75
2016-09-06,100.0250015258789,130.5,58.92499923706055
2016-09-07,102.42500305175781,133.14999389648438,60.875
2016-09-08,101.4000015258789,131.60000610351562,61.0
2016-09-09,104.4000015258789,134.22500610351562,59.224998474121094
2016-09-12,105.69999694824219,134.9250030517578,59.42499923706055
2016-09-13,104.67500305175781,133.375,56.75
2016-09-14,105.80000305175781,132.6750030517578,54.92499923706055
2016-09-15,106.94999694824219,133.97500610351562,55.150001525878906
2016-09-16,107.875,135.5,55.474998474121094
2016-09-19,107.9000015258789,135.4499969482422,54.92499923706055
2016-09-20,107.67500305175781,135.3249969482422,55.54999923706055
2016-09-21,108.55000305175781,136.35000610351562,54.42499923706055
2016-09-22,107.07499694824219,137.0,54.20000076293945
2016-09-23,107.2750015258789,136.8249969482422,54.0
2016-09-26,106.82499694824219,136.0500030517578,53.04999923706055
2016-09-27,103.82499694824219,134.8249969482422,51.70000076293945
2016-09-28,103.4749984741211,135.1750030517578,51.70000076293945
2016-09-29,101.9000015258789,134.22500610351562,52.025001525878906
2016-09-30,98.9000015258789,123.1500015258789,49.025001525878906
2016-10-03,98.92500305175781,123.9749984741211,48.92499923706055
2016-10-04,101.9000015258789,128.0,48.625
2016-10-05,102.8499984741211,127.44999694824219,48.224998474121094
2016-10-06,102.42500305175781,127.82499694824219,50.375
2016-10-07,101.875,127.625,50.67499923706055
2016-10-11,97.5,124.125,51.45000076293945
2016-10-12,96.75,122.0,52.375
2016-10-13,94.44999694824219,119.44999694824219,52.625
2016-10-14,95.9000015258789,120.375,52.599998474121094
2016-10-17,97.2750015258789,121.69999694824219,41.599998474121094
2016-10-18,97.75,122.0250015258789,41.125
2016-10-19,96.0250015258789,119.0250015258789,41.17499923706055
2016-10-20,99.0250015258789,121.75,41.099998474121094
2016-10-21,101.1500015258789,121.875,41.849998474121094
2016-10-24,103.125,122.375,43.20000076293945
2016-10-25,102.7249984741211,121.55000305175781,44.625
2016-10-26,103.05000305175781,121.9749984741211,44.20000076293945
2016-10-27,104.125,121.92500305175781,45.375
2016-10-28,104.19999694824219,121.55000305175781,46.79999923706055
2016-10-31,103.0999984741211,121.8499984741211,47.95000076293945
2016-11-01,105.5250015258789,126.17500305175781,46.45000076293945
2016-11-02,105.375,126.57499694824219,47.82500076293945
2016-11-03,104.07499694824219,125.8499984741211,47.0
2016-11-04,102.7249984741211,125.625,46.150001525878906
2016-11-07,101.6500015258789,124.07499694824219,47.099998474121094
2016-11-08,102.5999984741211,124.4000015258789,46.974998474121094
2016-11-09,103.4749984741211,124.55000305175781,46.54999923706055
2016-11-10,104.5,125.19999694824219,47.375
2016-11-14,105.57499694824219,126.0250015258789,46.900001525878906
2016-11-15,105.4749984741211,126.5999984741211,46.125
2016-11-16,108.19999694824219,126.9749984741211,48.025001525878906
2016-11-17,108.2249984741211,126.9749984741211,47.45000076293945
2016-11-18,108.32499694824219,124.9749984741211,47.79999923706055
2016-11-21,109.0250015258789,124.17500305175781,49.775001525878906
2016-11-22,109.3499984741211,124.05000305175781,49.29999923706055
2016-11-23,109.67500305175781,124.9000015258789,49.75
2016-11-25,110.75,127.2249984741211,51.04999923706055
2016-11-28,109.30000305175781,126.80000305175781,50.42499923706055
2016-11-29,108.92500305175781,126.9749984741211,50.349998474121094
2016-11-30,110.75,128.4250030517578,51.025001525878906
2016-12-01,110.57499694824219,127.7750015258789,50.224998474121094
2016-12-02,108.2249984741211,124.5999984741211,50.75
2016-12-05,107.82499694824219,124.32499694824219,51.5
2016-12-06,109.8499984741211,126.8499984741211,53.375
2016-12-07,109.375,126.9749984741211,54.70000076293945
2016-12-08,109.05000305175781,126.5999984741211,55.67499923706055
2016-12-09,108.7249984741211,125.94999694824219,56.724998474121094
2016-12-12,110.3499984741211,128.5500030517578,57.375
2016-12-13,111.125,128.97500610351562,57.17499923706055
2016-12-14,111.0999984741211,127.69999694824219,57.849998474121094
2016-12-15,110.7249984741211,127.69999694824219,62.400001525878906
2016-12-16,112.32499694824219,129.89999389648438,64.69999694824219
2016-12-19,111.94999694824219,130.875,66.0999984741211
2016-12-20,112.0999984741211,130.0,64.0
2016-12-21,113.2750015258789,130.22500610351562,64.9000015258789
2016-12-22,114.0,131.125,64.7249984741211
2016-12-23,114.57499694824219,130.72500610351562,63.20000076293945
2016-12-27,114.94999694824219,129.9499969482422,64.75
2016-12-28,115.9749984741211,131.72500610351562,65.0999984741211
2016-12-29,118.69999694824219,131.9250030517578,64.6500015258789
2016-12-30,119.0,130.4499969482422,66.1500015258789
2017-01-03,114.875,130.1999969482422,63.5
2017-01-04,115.67500305175781,128.5,64.5999984741211
2017-01-05,115.07499694824219,128.25,64.875
2017-01-06,114.82499694824219,128.3249969482422,63.974998474121094
2017-01-09,116.5250015258789,129.27499389648438,63.75
2017-01-10,119.5250015258789,132.6999969482422,65.05000305175781
2017-01-11,119.125,132.0500030517578,65.5999984741211
2017-01-12,117.4749984741211,130.3249969482422,65.94999694824219
2017-01-13,118.5250015258789,130.4499969482422,65.5999984741211
2017-01-17,119.57499694824219,130.9250030517578,65.80000305175781
2017-01-18,120.2750015258789,131.0,65.19999694824219
2017-01-19,121.0250015258789,131.9499969482422,65.42500305175781
2017-01-20,120.25,133.10000610351562,65.30000305175781
2017-01-23,120.25,132.77499389648438,65.0
2017-01-24,119.67500305175781,132.4250030517578,65.2249984741211
2017-01-25,119.875,132.375,67.5250015258789
2017-01-26,118.69999694824219,131.8249969482422,65.8499984741211
2017-01-27,118.32499694824219,127.44999694824219,66.9000015258789
2017-01-30,116.17500305175781,123.9000015258789,67.0999984741211
2017-01-31,115.5999984741211,122.7750015258789,69.07499694824219
2017-02-01,115.57499694824219,122.07499694824219,69.42500305175781
2017-02-02,116.875,123.75,70.3499984741211
2017-02-03,116.9000015258789,123.57499694824219,70.32499694824219
2017-02-06,116.42500305175781,123.5250015258789,71.3499984741211
2017-02-07,117.67500305175781,124.2249984741211,72.375
2017-02-08,116.7750015258789,122.30000305175781,73.3499984741211
2017-02-09,117.6500015258789,123.625,74.2249984741211
2017-02-10,116.4000015258789,122.07499694824219,74.55000305175781
2017-02-13,115.92500305175781,121.82499694824219,74.75
2017-02-14,117.375,124.0,75.17500305175781
2017-02-15,116.7750015258789,124.2750015258789,70.7750015258789
2017-02-16,116.5250015258789,123.82499694824219,69.82499694824219
2017-02-17,117.92500305175781,124.07499694824219,70.7750015258789
2017-02-21,119.0999984741211,124.55000305175781,70.3499984741211
2017-02-22,121.30000305175781,125.0999984741211,67.75
2017-02-23,123.07499694824219,125.1500015258789,66.57499694824219
2017-02-24,123.75,121.69999694824219,68.0250015258789
2017-02-27,125.375,123.8499984741211,68.125
2017-02-28,126.5999984741211,125.07499694824219,67.5999984741211
2017-03-01,117.57499694824219,124.5,68.42500305175781
2017-03-02,116.1500015258789,123.44999694824219,68.2750015258789
2017-03-03,115.9749984741211,124.2249984741211,66.75
2017-03-06,115.55000305175781,124.07499694824219,67.17500305175781
2017-03-07,115.3499984741211,123.94999694824219,68.05000305175781
2017-03-08,115.9749984741211,124.375,68.42500305175781
2017-03-09,116.5,126.1500015258789,68.07499694824219
2017-03-10,117.5999984741211,127.4749984741211,68.17500305175781
2017-03-13,117.75,128.60000610351562,70.2249984741211
2017-03-14,116.32499694824219,127.8499984741211,70.82499694824219
2017-03-15,117.69999694824219,129.22500610351562,70.07499694824219
2017-03-16,119.19999694824219,130.5500030517578,69.9000015258789
2017-03-17,119.32499694824219,131.3249969482422,69.05000305175781
2017-03-20,118.9000015258789,131.47500610351562,68.6500015258789
2017-03-21,119.9000015258789,132.0,68.0
2017-03-22,122.44999694824219,134.0,68.1500015258789
2017-03-23,121.7750015258789,133.6999969482422,69.3499984741211
2017-03-24,122.0999984741211,133.375,67.2750015258789
2017-03-27,121.07499694824219,132.14999389648438,65.6500015258789
2017-03-28,120.7750015258789,132.35000610351562,65.0999984741211
2017-03-29,121.3499984741211,133.3000030517578,65.30000305175781
2017-03-30,120.0,132.6750030517578,65.625
2017-03-31,119.94999694824219,133.9499969482422,65.67500305175781
2017-04-03,119.42500305175781,133.0749969482422,64.80000305175781
2017-04-04,118.2249984741211,131.02499389648438,63.67499923706055
2017-04-05,118.2750015258789,130.52499389648438,63.625
2017-04-06,118.80000305175781,131.9499969482422,63.92499923706055
2017-04-07,120.05000305175781,133.75,63.32500076293945
2017-04-10,121.0999984741211,135.3000030517578,63.32500076293945
2017-04-11,123.25,137.1750030517578,62.650001525878906
2017-04-12,124.19999694824219,137.5,62.224998474121094
2017-04-13,125.375,137.8000030517578,62.45000076293945
2017-04-17,126.42500305175781,139.0500030517578,61.974998474121094
2017-04-18,126.7750015258789,138.6750030517578,67.1500015258789
2017-04-19,127.92500305175781,138.6750030517578,65.875
2017-04-20,129.625,137.89999389648438,63.79999923706055
2017-04-21,129.8000030517578,138.5500030517578,63.025001525878906
2017-04-24,129.0,138.25,64.4000015258789
2017-04-25,129.8249969482422,138.72500610351562,65.2249984741211
2017-04-26,132.02499389648438,139.85000610351562,64.67500305175781
2017-04-27,135.60000610351562,140.85000610351562,66.9000015258789
2017-04-28,138.0,149.5500030517578,66.9749984741211
2017-05-01,124.125,148.60000610351562,66.125
2017-05-02,127.05000305175781,149.625,66.94999694824219
2017-05-03,130.0500030517578,153.3000030517578,67.94999694824219
2017-05-04,131.3000030517578,148.27499389648438,69.0
2017-05-05,128.3000030517578,143.77499389648438,69.4000015258789
2017-05-08,127.7750015258789,148.3000030517578,69.9000015258789
2017-05-09,124.9749984741211,144.52499389648438,70.30000305175781
2017-05-10,124.19999694824219,144.5,71.05000305175781
2017-05-11,123.92500305175781,142.375,71.5250015258789
2017-05-12,125.17500305175781,144.5500030517578,71.9000015258789
2017-05-15,122.44999694824219,142.52499389648438,77.25
2017-05-16,121.9000015258789,140.9499969482422,78.7249984741211
2017-05-17,122.44999694824219,141.97500610351562,78.9000015258789
2017-05-18,122.92500305175781,142.27499389648438,79.1500015258789
2017-05-19,123.44999694824219,143.35000610351562,79.5
2017-05-22,123.92500305175781,144.25,79.3499984741211
2017-05-23,123.07499694824219,144.25,80.1500015258789
2017-05-24,122.125,144.0,80.19999694824219
2017-05-25,123.92500305175781,143.52499389648438,80.94999694824219
2017-05-26,122.69999694824219,146.9499969482422,81.82499694824219
2017-05-30,122.9749984741211,149.9250030517578,80.5
2017-05-31,124.42500305175781,152.5749969482422,81.92500305175781
2017-06-01,127.42500305175781,157.0749969482422,80.92500305175781
2017-06-02,130.8249969482422,158.72500610351562,81.2249984741211
2017-06-05,132.10000610351562,159.875,80.7249984741211
2017-06-06,130.1999969482422,155.375,81.6500015258789
2017-06-07,131.1999969482422,154.8000030517578,81.625
2017-06-08,131.375,153.9499969482422,82.0250015258789
2017-06-09,131.25,154.1750030517578,82.4749984741211
2017-06-12,128.35000610351562,151.5500030517578,81.9749984741211
2017-06-13,127.5,149.9499969482422,82.7750015258789
2017-06-14,124.5,146.125,83.0
2017-06-15,122.5,147.0749969482422,82.05000305175781
2017-06-16,121.69999694824219,147.875,82.32499694824219
2017-06-19,120.0,145.0,83.9000015258789
2017-06-20,120.3499984741211,143.9250030517578,85.0
2017-06-21,119.5,144.64999389648438,86.07499694824219
2017-06-22,118.625,143.4499969482422,85.0250015258789
2017-06-23,119.19999694824219,144.9499969482422,85.30000305175781
2017-06-26,121.4749984741211,149.4499969482422,87.0250015258789
2017-06-27,119.5999984741211,144.875,86.4749984741211
2017-06-28,120.25,146.39999389648438,87.92500305175781
2017-06-29,120.19999694824219,147.1750030517578,89.4749984741211
2017-06-30,119.0999984741211,147.9250030517578,90.625
2017-07-03,115.75,146.10000610351562,90.69999694824219
2017-07-05,113.55000305175781,142.22500610351562,92.05000305175781
2017-07-06,114.94999694824219,144.625,91.4749984741211
2017-07-07,114.7750015258789,145.02499389648438,91.7249984741211
2017-07-10,113.82499694824219,144.6750030517578,91.4749984741211
2017-07-11,114.875,147.25,92.1500015258789
2017-07-12,117.875,151.75,92.57499694824219
2017-07-13,117.42500305175781,153.02499389648438,92.75
2017-07-14,117.80000305175781,154.27499389648438,92.5999984741211
2017-07-17,116.94999694824219,154.4250030517578,92.4000015258789
2017-07-18,115.07499694824219,151.60000610351562,80.5
2017-07-19,117.2750015258789,154.5,82.57499694824219
2017-07-20,115.875,152.27499389648438,81.0999984741211
2017-07-21,116.42500305175781,152.9499969482422,81.0999984741211
2017-07-24,113.875,148.4499969482422,80.375
2017-07-25,113.17500305175781,146.52499389648438,81.44999694824219
2017-07-26,114.30000305175781,146.47500610351562,82.0
2017-07-27,114.30000305175781,147.8249969482422,82.25
2017-07-28,112.9000015258789,146.0500030517578,81.4000015258789
2017-07-31,112.0,146.1750030517578,80.30000305175781
2017-08-01,112.80000305175781,149.1750030517578,79.80000305175781
2017-08-02,114.5250015258789,150.25,81.94999694824219
2017-08-03,115.2249984741211,150.64999389648438,81.9749984741211
2017-08-04,115.44999694824219,149.9499969482422,83.2249984741211
2017-08-07,112.75,146.25,83.4000015258789
2017-08-08,112.4749984741211,146.02499389648438,83.5250015258789
2017-08-09,110.0,141.52499389648438,84.125
2017-08-10,108.8499984741211,141.1750030517578,84.44999694824219
2017-08-11,109.7249984741211,141.77499389648438,84.6500015258789
2017-08-14,109.05000305175781,142.3000030517578,84.44999694824219
2017-08-15,110.05000305175781,145.35000610351562,70.5250015258789
2017-08-16,109.4749984741211,142.25,68.7750015258789
2017-08-17,107.125,140.47500610351562,66.92500305175781
2017-08-18,106.375,140.5,66.125
2017-08-21,106.0,139.8000030517578,64.67500305175781
2017-08-22,106.7249984741211,142.0749969482422,63.875
2017-08-23,105.6500015258789,141.625,63.54999923706055
2017-08-24,105.94999694824219,141.60000610351562,63.775001525878906
2017-08-25,105.94999694824219,141.375,63.07500076293945
2017-08-28,106.19999694824219,142.4250030517578,61.625
2017-08-29,105.25,142.60000610351562,60.224998474121094
2017-08-30,105.55000305175781,142.89999389648438,61.349998474121094
2017-08-31,104.5250015258789,142.72500610351562,61.400001525878906
2017-09-01,105.1500015258789,142.72500610351562,61.45000076293945
2017-09-05,104.42500305175781,142.0500030517578,63.75
2017-09-06,104.69999694824219,143.3000030517578,63.54999923706055
2017-09-07,106.2249984741211,145.5500030517578,61.45000076293945
2017-09-08,107.32499694824219,147.875,62.150001525878906
2017-09-11,107.19999694824219,148.4499969482422,61.57500076293945
2017-09-12,106.2750015258789,147.97500610351562,59.45000076293945
2017-09-13,107.55000305175781,148.60000610351562,59.57500076293945
2017-09-14,106.92500305175781,148.8000030517578,59.025001525878906
2017-09-15,107.75,150.22500610351562,60.974998474121094
2017-09-18,107.57499694824219,150.8000030517578,60.0
2017-09-19,107.9749984741211,151.5749969482422,60.125
2017-09-20,110.94999694824219,153.97500610351562,58.650001525878906
2017-09-21,110.0999984741211,153.1750030517578,57.32500076293945
2017-09-22,111.57499694824219,153.39999389648438,55.70000076293945
2017-09-25,109.2249984741211,150.47500610351562,56.32500076293945
2017-09-26,108.2750015258789,150.5749969482422,55.25
2017-09-27,108.57499694824219,152.39999389648438,55.400001525878906
2017-09-28,108.9749984741211,152.77499389648438,55.54999923706055
2017-09-29,109.0999984741211,152.22500610351562,55.400001525878906
2017-10-02,107.82499694824219,150.35000610351562,57.25
2017-10-03,109.0999984741211,152.4250030517578,59.875
2017-10-04,109.07499694824219,152.10000610351562,60.32500076293945
2017-10-05,110.1500015258789,153.5749969482422,60.92499923706055
2017-10-06,111.0250015258789,153.9499969482422,59.17499923706055
2017-10-09,111.42500305175781,153.77499389648438,59.025001525878906
2017-10-10,113.69999694824219,154.0749969482422,60.17499923706055
2017-10-11,113.7750015258789,154.14999389648438,61.25
2017-10-12,112.3499984741211,153.5500030517578,60.70000076293945
2017-10-13,112.82499694824219,154.0500030517578,60.400001525878906
2017-10-16,111.7249984741211,154.0,63.70000076293945
2017-10-17,111.17500305175781,152.14999389648438,62.17499923706055
2017-10-18,111.4749984741211,152.52499389648438,63.75
2017-10-19,111.19999694824219,153.14999389648438,64.25
2017-10-20,111.67500305175781,153.625,64.8499984741211
2017-10-23,111.5250015258789,153.625,63.525001525878906
2017-10-24,113.625,155.125,64.0250015258789
2017-10-25,113.0250015258789,154.85000610351562,64.4749984741211
2017-10-26,114.1500015258789,155.4250030517578,65.05000305175781
2017-10-27,115.375,156.47500610351562,64.44999694824219
2017-10-30,119.57499694824219,158.3249969482422,65.17500305175781
2017-10-31,120.5,159.4250030517578,68.0
2017-11-01,126.5999984741211,159.6999969482422,66.5999984741211
2017-11-02,124.32499694824219,157.9250030517578,65.80000305175781
2017-11-03,127.30000305175781,160.875,65.0999984741211
2017-11-06,125.32499694824219,160.14999389648438,64.625
2017-11-07,124.625,159.875,63.92499923706055
2017-11-08,122.92500305175781,157.3249969482422,63.54999923706055
2017-11-09,122.4749984741211,158.47500610351562,63.17499923706055
2017-11-10,120.57499694824219,158.47500610351562,62.474998474121094
2017-11-13,120.57499694824219,158.6999969482422,62.29999923706055
2017-11-14,119.5,157.625,59.974998474121094
2017-11-15,120.19999694824219,158.0,61.125
2017-11-16,119.55000305175781,157.77499389648438,60.099998474121094
2017-11-17,118.8499984741211,151.72500610351562,60.650001525878906
2017-11-20,117.0999984741211,149.5500030517578,62.025001525878906
2017-11-21,117.9749984741211,151.625,60.70000076293945
2017-11-22,119.05000305175781,152.72500610351562,62.82500076293945
2017-11-24,118.57499694824219,153.3000030517578,63.25
2017-11-27,119.82499694824219,154.4499969482422,64.5250015258789
2017-11-28,119.6500015258789,154.5,65.75
2017-11-29,120.4749984741211,155.5749969482422,65.07499694824219
2017-11-30,119.9000015258789,154.1750030517578,64.2750015258789
2017-12-01,117.2249984741211,150.3249969482422,65.2750015258789
2017-12-04,116.375,149.9499969482422,64.94999694824219
2017-12-05,116.42500305175781,147.8249969482422,64.2750015258789
2017-12-06,115.9000015258789,146.02499389648438,63.82500076293945
2017-12-07,115.625,146.3249969482422,63.57500076293945
2017-12-08,115.57499694824219,145.22500610351562,63.67499923706055
2017-12-11,115.17500305175781,145.4499969482422,63.599998474121094
2017-12-12,116.1500015258789,147.10000610351562,63.75
2017-12-13,115.6500015258789,145.64999389648438,63.95000076293945
2017-12-14,116.2750015258789,146.25,64.0250015258789
2017-12-15,118.9000015258789,147.75,68.5250015258789
2017-12-18,119.9749984741211,147.64999389648438,67.4000015258789
2017-12-19,120.0,145.1999969482422,66.9000015258789
2017-12-20,119.4000015258789,141.77499389648438,68.375
2017-12-21,119.625,142.9250030517578,68.57499694824219
2017-12-22,119.82499694824219,141.5500030517578,69.9749984741211
2017-12-26,121.5,144.39999389648438,71.5250015258789
2017-12-27,122.0250015258789,145.1750030517578,71.0250015258789
2017-12-28,124.55000305175781,145.60000610351562,71.55000305175781
2017-12-29,123.0,146.0,71.7750015258789
2018-01-02,123.3499984741211,149.52499389648438,70.7249984741211
2018-01-03,122.94999694824219,149.375,71.05000305175781
2018-01-04,122.25,149.02499389648438,71.375
2018-01-05,119.25,146.625,71.42500305175781
2018-01-08,117.2249984741211,146.4499969482422,72.9749984741211
2018-01-09,117.67500305175781,145.47500610351562,73.17500305175781
2018-01-10,116.875,144.375,72.5250015258789
2018-01-11,117.07499694824219,143.8249969482422,70.9749984741211
2018-01-12,117.375,144.35000610351562,71.57499694824219
2018-01-16,118.0999984741211,145.60000610351562,73.9000015258789
2018-01-17,120.9749984741211,147.875,72.7249984741211
2018-01-18,121.94999694824219,149.1750030517578,73.05000305175781
2018-01-19,121.9000015258789,147.9499969482422,72.07499694824219
2018-01-22,123.55000305175781,147.89999389648438,71.80000305175781
2018-01-23,124.7249984741211,148.625,72.25
2018-01-24,125.42500305175781,148.14999389648438,72.92500305175781
2018-01-25,122.4749984741211,147.85000610351562,72.4749984741211
2018-01-26,124.5999984741211,146.72500610351562,72.2750015258789
2018-01-29,125.69999694824219,147.0,72.4000015258789
2018-01-30,124.82499694824219,147.1750030517578,72.44999694824219
2018-01-31,123.8499984741211,145.0500030517578,73.2249984741211
2018-02-01,126.42500305175781,149.5500030517578,74.82499694824219
2018-02-02,126.8499984741211,150.9250030517578,75.19999694824219
2018-02-05,126.125,149.6750030517578,75.82499694824219
2018-02-06,125.625,148.72500610351562,74.75
2018-02-07,125.5999984741211,148.3000030517578,73.8499984741211
2018-02-08,125.7750015258789,147.25,73.4000015258789
2018-02-09,126.5250015258789,146.1999969482422,73.17500305175781
2018-02-12,127.125,147.6750030517578,73.07499694824219
2018-02-13,126.82499694824219,147.27499389648438,73.3499984741211
2018-02-14,127.6500015258789,148.1750030517578,73.5
2018-02-15,129.27499389648438,149.8249969482422,69.7249984741211
2018-02-16,130.10000610351562,149.72500610351562,68.1500015258789
2018-02-20,130.3000030517578,149.8000030517578,69.19999694824219
2018-02-21,129.64999389648438,146.64999389648438,69.9000015258789
2018-02-22,128.35000610351562,146.0,71.2750015258789
2018-02-23,128.0,146.0,71.375
2018-02-26,127.4000015258789,145.5500030517578,69.94999694824219
2018-02-27,128.02499389648438,146.5500030517578,69.94999694824219
2018-02-28,127.5,144.75,67.2249984741211
2018-03-01,123.32499694824219,145.0500030517578,66.9749984741211
2018-03-02,122.17500305175781,143.6750030517578,67.57499694824219
2018-03-05,123.2249984741211,145.14999389648438,68.80000305175781
2018-03-06,122.82499694824219,144.3000030517578,68.19999694824219
2018-03-07,122.9749984741211,143.77499389648438,67.80000305175781
2018-03-08,121.7750015258789,141.75,68.07499694824219
2018-03-09,123.125,142.52499389648438,67.8499984741211
2018-03-12,121.55000305175781,142.1750030517578,67.67500305175781
2018-03-13,121.9000015258789,141.5500030517578,67.7249984741211
2018-03-14,123.0,142.0500030517578,66.875
2018-03-15,121.8499984741211,140.625,65.7249984741211
2018-03-16,121.25,139.97500610351562,65.44999694824219
2018-03-19,120.2249984741211,138.4499969482422,63.150001525878906
2018-03-20,119.57499694824219,137.77499389648438,63.25
2018-03-21,117.69999694824219,136.77499389648438,62.57500076293945
2018-03-22,118.1500015258789,137.52499389648438,61.32500076293945
2018-03-23,116.05000305175781,135.6999969482422,58.42499923706055
2018-03-26,115.17500305175781,134.9250030517578,58.025001525878906
2018-03-27,115.42500305175781,135.4250030517578,57.75
2018-03-28,116.0,135.97500610351562,56.92499923706055
2018-03-29,113.75,135.60000610351562,57.25
2018-04-02,112.4000015258789,131.875,54.275001525878906
2018-04-03,111.9749984741211,130.52499389648438,51.67499923706055
2018-04-04,113.0250015258789,134.5,53.07500076293945
2018-04-05,114.30000305175781,137.47500610351562,52.45000076293945
2018-04-06,112.2249984741211,135.3249969482422,52.125
2018-04-09,112.0250015258789,134.4499969482422,52.900001525878906
2018-04-10,112.80000305175781,134.8249969482422,53.5
2018-04-11,113.5,135.27499389648438,53.29999923706055
2018-04-12,115.75,138.875,54.29999923706055
2018-04-13,116.55000305175781,139.375,53.82500076293945
2018-04-16,117.1500015258789,139.22500610351562,68.17500305175781
2018-04-17,118.05000305175781,138.72500610351562,67.9000015258789
2018-04-18,118.9749984741211,138.75,69.8499984741211
2018-04-19,117.80000305175781,137.22500610351562,70.1500015258789
2018-04-20,119.3499984741211,137.3000030517578,69.94999694824219
2018-04-23,121.7249984741211,139.02499389648438,68.0
2018-04-24,121.0999984741211,139.10000610351562,67.44999694824219
2018-04-25,121.92500305175781,139.85000610351562,68.55000305175781
2018-04-26,122.5250015258789,140.1750030517578,67.32499694824219
2018-04-27,124.44999694824219,142.02499389648438,66.0999984741211
2018-04-30,123.75,140.1750030517578,66.30000305175781
2018-05-01,105.82499694824219,137.89999389648438,67.44999694824219
2018-05-02,104.8499984741211,138.625,66.9000015258789
2018-05-03,106.5250015258789,140.8000030517578,67.07499694824219
2018-05-04,106.05000305175781,140.39999389648438,67.07499694824219
2018-05-07,105.17500305175781,137.625,66.07499694824219
2018-05-08,106.30000305175781,137.72500610351562,66.19999694824219
2018-05-09,105.67500305175781,137.14999389648438,65.92500305175781
2018-05-10,107.5250015258789,138.60000610351562,65.4749984741211
2018-05-11,107.625,138.4250030517578,65.30000305175781
2018-05-14,104.625,135.39999389648438,65.25
2018-05-15,102.9749984741211,133.5500030517578,74.7249984741211
2018-05-16,101.82499694824219,132.72500610351562,75.9000015258789
2018-05-17,103.05000305175781,133.10000610351562,76.4749984741211
2018-05-18,102.4000015258789,132.22500610351562,74.69999694824219
2018-05-21,104.92500305175781,133.9250030517578,74.0
2018-05-22,104.9000015258789,133.9499969482422,73.125
2018-05-23,105.44999694824219,134.89999389648438,74.5999984741211
2018-05-24,104.4000015258789,136.39999389648438,74.82499694824219
2018-05-25,104.6500015258789,144.9250030517578,74.19999694824219
2018-05-29,103.125,144.97500610351562,75.67500305175781
2018-05-30,106.125,148.5500030517578,77.32499694824219
2018-05-31,105.05000305175781,147.39999389648438,76.625
2018-06-01,104.9000015258789,146.3249969482422,77.5999984741211
2018-06-04,104.7249984741211,144.85000610351562,77.57499694824219
2018-06-05,107.19999694824219,146.125,76.5250015258789
2018-06-06,108.30000305175781,146.75,78.17500305175781
2018-06-07,108.375,146.0749969482422,78.4000015258789
2018-06-08,110.0250015258789,147.27499389648438,79.875
2018-06-11,108.6500015258789,145.9499969482422,80.1500015258789
2018-06-12,108.5250015258789,145.8000030517578,80.5250015258789
2018-06-13,107.92500305175781,145.64999389648438,81.0
2018-06-14,106.25,143.6750030517578,81.17500305175781
2018-06-15,108.44999694824219,147.97500610351562,81.7249984741211
2018-06-18,108.30000305175781,148.97500610351562,83.7249984741211
2018-06-19,108.5250015258789,149.625,81.875
2018-06-20,109.0250015258789,149.4250030517578,80.0250015258789
2018-06-21,108.6500015258789,148.47500610351562,80.4749984741211
2018-06-22,108.2750015258789,149.1999969482422,79.82499694824219
2018-06-25,105.9749984741211,145.77499389648438,78.07499694824219
2018-06-26,105.92500305175781,146.10000610351562,79.125
2018-06-27,107.0250015258789,145.77499389648438,80.2249984741211
2018-06-28,108.19999694824219,146.8249969482422,81.125
2018-06-29,107.0,151.3249969482422,82.875
2018-07-02,106.9000015258789,151.9250030517578,83.19999694824219
2018-07-03,106.44999694824219,152.8000030517578,83.7249984741211
2018-07-05,106.375,152.5749969482422,83.30000305175781
2018-07-06,106.375,152.1999969482422,81.375
2018-07-09,106.125,151.4499969482422,80.2249984741211
2018-07-10,105.44999694824219,151.85000610351562,79.5
2018-07-11,103.8499984741211,149.39999389648438,79.7750015258789
2018-07-12,105.0250015258789,151.02499389648438,79.94999694824219
2018-07-13,104.55000305175781,150.72500610351562,79.94999694824219
2018-07-16,106.92500305175781,152.375,79.75
2018-07-17,106.42500305175781,151.27499389648438,67.9000015258789
2018-07-18,108.94999694824219,154.4499969482422,67.19999694824219
2018-07-19,108.9000015258789,154.4499969482422,67.25
2018-07-20,108.92500305175781,153.6750030517578,66.44999694824219
2018-07-23,108.7249984741211,153.25,66.42500305175781
2018-07-24,108.05000305175781,152.75,65.55000305175781
2018-07-25,109.0250015258789,152.8249969482422,66.4000015258789
2018-07-26,107.94999694824219,151.4250030517578,64.9000015258789
2018-07-27,108.625,152.3000030517578,63.650001525878906
2018-07-30,108.42500305175781,151.5,63.29999923706055
2018-07-31,107.67500305175781,149.3249969482422,61.125
2018-08-01,108.625,151.8249969482422,60.25
2018-08-02,108.5999984741211,151.1999969482422,58.974998474121094
2018-08-03,110.67500305175781,152.85000610351562,58.5
2018-08-06,110.4000015258789,151.85000610351562,56.599998474121094
2018-08-07,110.07499694824219,149.85000610351562,55.79999923706055
2018-08-08,109.82499694824219,150.64999389648438,54.79999923706055
2018-08-09,108.25,149.35000610351562,54.974998474121094
2018-08-10,108.25,149.89999389648438,54.79999923706055
2018-08-13,107.19999694824219,148.64999389648438,55.525001525878906
2018-08-14,107.9749984741211,148.9250030517578,55.0
2018-08-15,108.32499694824219,149.0500030517578,52.474998474121094
2018-08-16,108.32499694824219,150.27499389648438,55.474998474121094
2018-08-17,109.42500305175781,150.9499969482422,58.599998474121094
2018-08-20,109.07499694824219,149.625,56.474998474121094
2018-08-21,109.2750015258789,149.1750030517578,56.224998474121094
2018-08-22,108.2249984741211,148.6999969482422,53.599998474121094
2018-08-23,107.94999694824219,149.02499389648438,51.17499923706055
2018-08-24,106.25,149.1999969482422,51.775001525878906
2018-08-27,108.19999694824219,150.22500610351562,54.775001525878906
2018-08-28,107.80000305175781,149.35000610351562,52.0
2018-08-29,109.17500305175781,149.3249969482422,51.54999923706055
2018-08-30,109.80000305175781,149.47500610351562,49.125
2018-08-31,106.80000305175781,149.4499969482422,50.42499923706055
2018-09-04,109.875,151.72500610351562,51.07500076293945
2018-09-05,109.05000305175781,151.72500610351562,51.974998474121094
2018-09-06,108.9000015258789,151.77499389648438,54.974998474121094
2018-09-07,109.94999694824219,152.97500610351562,55.650001525878906
2018-09-10,110.1500015258789,152.52499389648438,55.95000076293945
2018-09-11,109.30000305175781,152.125,54.474998474121094
2018-09-12,111.4749984741211,154.625,55.79999923706055
2018-09-13,110.80000305175781,154.9499969482422,55.67499923706055
2018-09-14,113.80000305175781,157.4250030517578,56.224998474121094
2018-09-17,113.42500305175781,157.3249969482422,56.45000076293945
2018-09-18,113.2249984741211,155.8249969482422,59.17499923706055
2018-09-19,113.0999984741211,155.52499389648438,60.0
2018-09-20,112.44999694824219,155.6750030517578,61.25
2018-09-21,113.07499694824219,156.9499969482422,60.29999923706055
2018-09-24,112.17500305175781,156.4499969482422,61.0
2018-09-25,112.3499984741211,156.625,62.42499923706055
2018-09-26,113.875,157.0500030517578,62.20000076293945
2018-09-27,113.2249984741211,157.3000030517578,61.29999923706055
2018-09-28,113.44999694824219,158.1750030517578,62.17499923706055
2018-10-01,113.67500305175781,158.64999389648438,64.75
2018-10-02,113.9749984741211,159.0749969482422,66.42500305175781
2018-10-03,113.19999694824219,157.875,67.4749984741211
2018-10-04,113.625,156.97500610351562,67.5
2018-10-05,113.80000305175781,157.77499389648438,68.19999694824219
2018-10-08,114.17500305175781,157.6750030517578,68.44999694824219
2018-10-09,113.3499984741211,156.9499969482422,68.75
2018-10-10,112.07499694824219,155.89999389648438,68.4749984741211
2018-10-11,112.625,156.72500610351562,68.67500305175781
2018-10-12,112.32499694824219,154.6999969482422,68.75
2018-10-15,113.375,155.10000610351562,56.75
2018-10-16,112.6500015258789,154.02499389648438,56.875
2018-10-17,112.92500305175781,154.0749969482422,54.70000076293945
2018-10-18,113.07499694824219,155.25,52.29999923706055
2018-10-19,112.25,154.64999389648438,51.599998474121094
2018-10-22,112.80000305175781,155.64999389648438,53.17499923706055
2018-10-23,112.7750015258789,155.0749969482422,54.525001525878906
2018-10-24,113.2750015258789,154.625,57.525001525878906
2018-10-25,113.3499984741211,153.97500610351562,56.775001525878906
2018-10-26,113.875,154.8000030517578,57.92499923706055
2018-10-29,114.30000305175781,153.89999389648438,58.849998474121094
2018-10-30,113.9000015258789,152.1750030517578,59.0
2018-10-31,115.8499984741211,153.47500610351562,58.45000076293945
2018-11-01,117.125,153.3000030517578,58.20000076293945
2018-11-02,117.07499694824219,152.5,58.125
2018-11-05,115.32499694824219,149.5,57.099998474121094
2018-11-06,115.42500305175781,149.97500610351562,54.099998474121094
2018-11-07,116.0999984741211,149.9250030517578,55.525001525878906
2018-11-08,116.55000305175781,150.1750030517578,55.625
2018-11-09,114.57499694824219,149.0,55.79999923706055
2018-11-12,114.92500305175781,148.375,56.54999923706055
2018-11-13,115.375,148.97500610351562,57.29999923706055
2018-11-14,114.5999984741211,148.97500610351562,57.0
2018-11-15,115.1500015258789,148.625,57.07500076293945
2018-11-16,115.3499984741211,146.52499389648438,60.07500076293945
2018-11-19,116.1500015258789,147.27499389648438,61.025001525878906
2018-11-20,115.69999694824219,146.875,58.974998474121094
2018-11-21,116.4000015258789,148.625,58.275001525878906
2018-11-23,117.0999984741211,149.375,59.07500076293945
2018-11-26,116.92500305175781,149.14999389648438,57.400001525878906
2018-11-27,116.69999694824219,148.4250030517578,57.875
2018-11-28,116.7750015258789,147.6999969482422,57.95000076293945
2018-11-29,116.5999984741211,145.97500610351562,58.724998474121094
2018-11-30,116.92500305175781,145.22500610351562,57.875
2018-12-03,116.875,144.5,58.025001525878906
2018-12-04,117.7750015258789,144.39999389648438,56.875
2018-12-06,117.94999694824219,144.1999969482422,54.525001525878906
2018-12-07,117.9000015258789,144.375,54.25
2018-12-10,117.57499694824219,145.02499389648438,54.724998474121094
2018-12-11,118.375,147.3000030517578,54.45000076293945
2018-12-12,119.125,147.5749969482422,54.724998474121094
2018-12-13,119.44999694824219,147.97500610351562,54.79999923706055
2018-12-14,119.57499694824219,147.5749969482422,54.95000076293945
2018-12-17,119.0250015258789,145.375,63.82500076293945
2018-12-18,119.7750015258789,146.1999969482422,62.650001525878906
2018-12-19,119.7249984741211,146.1999969482422,62.70000076293945
2018-12-20,120.2249984741211,147.4250030517578,62.375
2018-12-21,120.875,147.35000610351562,61.125
2018-12-24,120.875,147.375,60.29999923706055
2018-12-26,121.3499984741211,148.10000610351562,60.375
2018-12-27,122.92500305175781,149.0,60.57500076293945
2018-12-28,124.07499694824219,149.0749969482422,60.650001525878906
2018-12-31,124.80000305175781,148.85000610351562,60.974998474121094
2019-01-02,123.5250015258789,147.9499969482422,61.70000076293945
2019-01-03,123.2249984741211,146.52499389648438,62.150001525878906
2019-01-04,121.92500305175781,144.89999389648438,61.95000076293945
2019-01-07,123.19999694824219,146.0,61.900001525878906
2019-01-08,125.30000305175781,147.625,62.599998474121094
2019-01-09,124.80000305175781,146.8249969482422,63.775001525878906
2019-01-10,124.875,146.75,64.07499694824219
2019-01-11,124.9749984741211,146.125,62.650001525878906
2019-01-14,125.42500305175781,144.85000610351562,61.849998474121094
2019-01-15,126.94999694824219,144.75,62.150001525878906
2019-01-16,127.82499694824219,143.77499389648438,60.04999923706055
2019-01-17,127.0999984741211,141.4250030517578,60.849998474121094
2019-01-18,126.5250015258789,141.4499969482422,61.224998474121094
2019-01-22,125.125,141.0500030517578,61.474998474121094
2019-01-23,125.55000305175781,143.02499389648438,60.775001525878906
2019-01-24,125.3499984741211,143.77499389648438,59.82500076293945
2019-01-25,126.05000305175781,143.375,58.375
2019-01-28,126.4000015258789,143.47500610351562,57.974998474121094
2019-01-29,126.4749984741211,142.64999389648438,57.32500076293945
2019-01-30,126.1500015258789,142.375,57.45000076293945
2019-01-31,124.80000305175781,142.10000610351562,56.25
2019-02-01,125.44999694824219,142.52499389648438,56.349998474121094
2019-02-04,125.7249984741211,144.22500610351562,57.375
2019-02-05,126.69999694824219,143.8249969482422,56.42499923706055
2019-02-06,126.4000015258789,143.1750030517578,55.92499923706055
2019-02-07,126.30000305175781,143.25,55.275001525878906
2019-02-08,127.375,144.10000610351562,55.04999923706055
2019-02-11,127.82499694824219,144.6750030517578,55.17499923706055
2019-02-12,126.82499694824219,144.39999389648438,55.17499923706055
2019-02-13,125.94999694824219,143.52499389648438,55.150001525878906
2019-02-14,126.125,144.0749969482422,55.099998474121094
2019-02-15,126.625,142.60000610351562,59.525001525878906
2019-02-19,127.875,143.75,56.525001525878906
2019-02-20,128.3249969482422,143.875,52.974998474121094
2019-02-21,127.625,143.22500610351562,55.95000076293945
2019-02-22,128.6750030517578,142.89999389648438,55.45000076293945
2019-02-25,128.5500030517578,142.5,53.900001525878906
2019-02-26,129.5749969482422,143.4499969482422,55.724998474121094
2019-02-27,129.39999389648438,143.875,55.599998474121094
2019-02-28,129.9499969482422,142.875,55.875
2019-03-01,129.5500030517578,141.22500610351562,56.400001525878906
2019-03-04,128.35000610351562,141.1999969482422,57.32500076293945
2019-03-05,128.8249969482422,140.875,57.900001525878906
2019-03-06,128.89999389648438,140.64999389648438,57.07500076293945
2019-03-07,128.9499969482422,142.89999389648438,57.724998474121094
2019-03-08,129.6750030517578,143.9250030517578,60.54999923706055
2019-03-11,129.0,142.3000030517578,62.849998474121094
2019-03-12,126.6500015258789,141.3000030517578,63.650001525878906
2019-03-13,126.67500305175781,141.5500030517578,63.474998474121094
2019-03-14,127.4000015258789,141.10000610351562,65.80000305175781
2019-03-15,129.10000610351562,141.3249969482422,68.80000305175781
2019-03-18,128.3249969482422,141.64999389648438,71.0250015258789
2019-03-19,129.125,142.25,70.82499694824219
2019-03-20,129.5749969482422,142.25,73.82499694824219
2019-03-21,129.89999389648438,142.77499389648438,78.32499694824219
2019-03-22,129.72500610351562,143.0,78.32499694824219
2019-03-25,127.57499694824219,142.1750030517578,78.6500015258789
2019-03-26,126.9000015258789,142.75,79.7249984741211
2019-03-27,126.25,142.125,81.32499694824219
2019-03-28,126.5250015258789,141.97500610351562,78.875
2019-03-29,125.69999694824219,145.25,77.375
2019-04-01,126.17500305175781,145.4499969482422,77.4000015258789
2019-04-02,126.2750015258789,144.85000610351562,78.94999694824219
2019-04-03,125.7750015258789,144.75,79.07499694824219
2019-04-04,127.55000305175781,146.3249969482422,79.57499694824219
2019-04-05,126.05000305175781,146.14999389648438,79.0250015258789
2019-04-08,125.80000305175781,146.72500610351562,78.5999984741211
2019-04-09,125.9000015258789,146.14999389648438,78.5250015258789
2019-04-10,125.875,145.1750030517578,78.9000015258789
2019-04-11,126.0,145.4250030517578,79.2249984741211
2019-04-12,126.55000305175781,145.4250030517578,79.30000305175781
2019-04-15,126.30000305175781,145.6750030517578,90.07499694824219
2019-04-16,127.1500015258789,145.6750030517578,88.9749984741211
2019-04-17,126.92500305175781,145.3249969482422,88.92500305175781
2019-04-18,128.52499389648438,145.6999969482422,90.19999694824219
2019-04-22,128.5,150.8000030517578,89.0250015258789
2019-04-23,128.3249969482422,149.625,87.82499694824219
2019-04-24,126.7750015258789,146.52499389648438,89.17500305175781
2019-04-25,124.05000305175781,143.5500030517578,87.8499984741211
2019-04-26,124.55000305175781,143.9499969482422,87.0
2019-04-29,124.7750015258789,143.39999389648438,84.7750015258789
2019-04-30,123.75,141.60000610351562,84.30000305175781
2019-05-01,113.875,141.375,87.0999984741211
2019-05-02,113.67500305175781,138.97500610351562,86.0999984741211
2019-05-03,113.42500305175781,137.14999389648438,85.3499984741211
2019-05-06,112.2750015258789,136.02499389648438,82.375
2019-05-07,112.2750015258789,137.3000030517578,83.05000305175781
2019-05-08,111.07499694824219,135.77499389648438,83.57499694824219
2019-05-09,111.94999694824219,136.25,83.75
2019-05-10,112.44999694824219,137.625,83.75
2019-05-13,109.75,135.0500030517578,83.55000305175781
2019-05-14,109.5,136.0,83.55000305175781
2019-05-15,109.67500305175781,135.9250030517578,91.82499694824219
2019-05-16,110.4749984741211,134.22500610351562,92.2249984741211
2019-05-17,111.2750015258789,134.52499389648438,92.375
2019-05-20,111.3499984741211,134.14999389648438,91.75
2019-05-21,110.8499984741211,134.375,90.0999984741211
2019-05-22,110.6500015258789,135.4499969482422,89.6500015258789
2019-05-23,110.80000305175781,135.60000610351562,89.42500305175781
2019-05-24,111.17500305175781,143.22500610351562,86.42500305175781
2019-05-28,111.55000305175781,142.22500610351562,83.9749984741211
2019-05-29,112.3499984741211,142.72500610351562,85.19999694824219
2019-05-30,110.07499694824219,138.22500610351562,83.67500305175781
2019-05-31,108.4749984741211,133.125,81.7249984741211
2019-06-03,106.7750015258789,133.5,81.57499694824219
2019-06-04,107.55000305175781,137.4499969482422,81.125
2019-06-05,107.8499984741211,139.4499969482422,79.8499984741211
2019-06-06,107.5999984741211,139.27499389648438,79.375
2019-06-07,106.92500305175781,137.25,78.6500015258789
2019-06-10,109.69999694824219,139.8249969482422,79.2750015258789
2019-06-11,110.67500305175781,138.125,79.07499694824219
2019-06-12,109.6500015258789,137.8000030517578,79.0250015258789
2019-06-13,109.05000305175781,136.22500610351562,79.2249984741211
2019-06-14,108.7750015258789,135.52499389648438,79.375
2019-06-17,109.44999694824219,136.9250030517578,83.05000305175781
2019-06-18,109.44999694824219,137.25,81.4749984741211
2019-06-19,108.5,136.52499389648438,81.625
2019-06-20,108.17500305175781,134.6999969482422,79.25
2019-06-21,106.55000305175781,133.6750030517578,76.25
2019-06-24,106.92500305175781,131.77499389648438,72.8499984741211
2019-06-25,107.75,131.3249969482422,74.4000015258789
2019-06-26,109.0,135.8249969482422,73.55000305175781
2019-06-27,110.57499694824219,135.8000030517578,73.82499694824219
2019-06-28,110.5,136.85000610351562,72.0999984741211
2019-07-01,104.0999984741211,137.02499389648438,72.57499694824219
2019-07-02,104.0999984741211,138.375,73.7249984741211
2019-07-03,105.44999694824219,136.5749969482422,73.55000305175781
2019-07-05,107.0,138.8249969482422,72.125
2019-07-08,106.1500015258789,138.89999389648438,70.07499694824219
2019-07-09,108.125,142.875,71.375
2019-07-10,107.625,142.35000610351562,71.75
2019-07-11,107.875,142.625,71.5999984741211
2019-07-12,108.4749984741211,141.60000610351562,71.05000305175781
2019-07-15,108.5,141.64999389648438,70.7750015258789
2019-07-16,108.2249984741211,141.0500030517578,79.05000305175781
2019-07-17,108.125,140.5749969482422,82.0
2019-07-18,107.4000015258789,139.4250030517578,82.7750015258789
2019-07-19,107.5999984741211,139.97500610351562,83.875
2019-07-22,108.44999694824219,142.1750030517578,83.2249984741211
2019-07-23,109.05000305175781,142.1999969482422,86.17500305175781
2019-07-24,108.9000015258789,142.8249969482422,86.55000305175781
2019-07-25,108.6500015258789,142.8000030517578,85.94999694824219
2019-07-26,108.6500015258789,143.72500610351562,86.42500305175781
2019-07-29,108.6500015258789,142.3000030517578,84.42500305175781
2019-07-30,108.0999984741211,143.10000610351562,82.30000305175781
2019-07-31,106.9000015258789,141.52499389648438,79.32499694824219
2019-08-01,107.875,141.22500610351562,76.80000305175781
2019-08-02,107.6500015258789,139.625,76.2750015258789
2019-08-05,107.80000305175781,140.52499389648438,77.8499984741211
2019-08-06,107.125,139.97500610351562,77.125
2019-08-07,107.5999984741211,139.5500030517578,77.7249984741211
2019-08-08,107.94999694824219,139.85000610351562,77.3499984741211
2019-08-09,108.05000305175781,138.89999389648438,79.0250015258789
2019-08-12,105.05000305175781,134.39999389648438,79.17500305175781
2019-08-13,100.55000305175781,127.7249984741211,79.0
2019-08-14,100.19999694824219,134.47500610351562,79.4000015258789
2019-08-15,100.19999694824219,135.77499389648438,65.0
2019-08-16,99.92500305175781,134.5749969482422,62.0
2019-08-19,100.19999694824219,135.6750030517578,64.0250015258789
2019-08-20,101.80000305175781,136.3000030517578,64.9749984741211
2019-08-21,102.67500305175781,137.375,63.29999923706055
2019-08-22,104.9749984741211,138.39999389648438,62.29999923706055
2019-08-23,104.625,137.35000610351562,59.29999923706055
2019-08-26,105.4749984741211,138.64999389648438,63.79999923706055
2019-08-27,104.75,138.5500030517578,63.224998474121094
2019-08-28,105.07499694824219,138.75,63.5
2019-08-29,105.6500015258789,138.75,64.9000015258789
2019-08-30,105.0,132.39999389648438,63.525001525878906
2019-09-03,99.2750015258789,134.14999389648438,66.5250015258789
2019-09-04,99.0250015258789,135.5500030517578,67.125
2019-09-05,97.875,134.39999389648438,66.30000305175781
2019-09-06,94.875,133.35000610351562,63.5
2019-09-09,94.19999694824219,132.8249969482422,62.599998474121094
2019-09-10,96.1500015258789,133.89999389648438,62.724998474121094
2019-09-11,98.5,136.0749969482422,60.17499923706055
2019-09-12,98.7249984741211,136.85000610351562,63.17499923706055
2019-09-13,98.07499694824219,136.5,66.4749984741211
2019-09-16,98.0,136.5500030517578,63.625
2019-09-17,99.3499984741211,139.1750030517578,62.099998474121094
2019-09-18,100.375,139.875,62.92499923706055
2019-09-19,99.80000305175781,139.9499969482422,61.400001525878906
2019-09-20,99.3499984741211,140.3249969482422,60.349998474121094
2019-09-23,101.8499984741211,141.60000610351562,60.95000076293945
2019-09-24,102.125,141.25,62.0
2019-09-25,103.0,141.5749969482422,64.57499694824219
2019-09-26,102.94999694824219,141.5,64.2249984741211
2019-09-27,105.0250015258789,144.3249969482422,65.2750015258789
2019-09-30,104.57499694824219,142.39999389648438,65.44999694824219
2019-10-01,104.625,140.97500610351562,62.54999923706055
2019-10-02,106.05000305175781,142.0749969482422,62.20000076293945
2019-10-03,106.80000305175781,142.35000610351562,62.42499923706055
2019-10-04,107.3499984741211,141.97500610351562,62.400001525878906
2019-10-07,108.25,141.6999969482422,60.5
2019-10-08,108.17500305175781,142.02499389648438,61.70000076293945
2019-10-09,108.4749984741211,144.5,62.79999923706055
2019-10-10,108.7249984741211,144.3000030517578,62.400001525878906
2019-10-11,109.44999694824219,144.10000610351562,62.92499923706055
2019-10-14,110.625,145.5500030517578,63.07500076293945
2019-10-15,111.0,145.0,72.125
2019-10-16,112.3499984741211,145.22500610351562,70.625
2019-10-17,112.4000015258789,144.1999969482422,68.1500015258789
2019-10-18,110.4749984741211,143.5,67.94999694824219
2019-10-21,110.94999694824219,143.4250030517578,67.82499694824219
2019-10-22,109.875,143.6999969482422,65.5
2019-10-23,110.19999694824219,145.02499389648438,65.82499694824219
2019-10-24,110.42500305175781,145.22500610351562,64.55000305175781
2019-10-25,111.9749984741211,145.6999969482422,64.92500305175781
2019-10-28,112.875,145.39999389648438,65.6500015258789
2019-10-29,113.3499984741211,145.4250030517578,64.32499694824219
2019-10-30,113.375,146.02499389648438,65.7750015258789
2019-10-31,111.67500305175781,145.9499969482422,66.0
2019-11-01,119.5250015258789,149.125,64.44999694824219
2019-11-04,120.07499694824219,149.0749969482422,64.5250015258789
2019-11-05,119.44999694824219,147.85000610351562,67.2750015258789
2019-11-06,119.0,146.8000030517578,64.7750015258789
2019-11-07,119.0,146.77499389648438,64.30000305175781
2019-11-08,119.25,147.0,64.125
2019-11-11,119.875,147.5749969482422,63.29999923706055
2019-11-12,119.75,147.8000030517578,64.7249984741211
2019-11-13,118.0999984741211,145.5749969482422,63.125
2019-11-14,119.07499694824219,146.625,62.75
2019-11-15,119.0999984741211,146.25,63.20000076293945
2019-11-18,118.69999694824219,146.375,62.75
2019-11-19,118.7750015258789,146.60000610351562,62.150001525878906
2019-11-20,119.30000305175781,146.60000610351562,60.45000076293945
2019-11-21,119.32499694824219,145.52499389648438,60.650001525878906
2019-11-22,118.67500305175781,139.27499389648438,61.224998474121094
2019-11-25,119.69999694824219,141.97500610351562,61.025001525878906
2019-11-26,120.4000015258789,141.625,60.82500076293945
2019-11-27,121.42500305175781,143.3249969482422,60.67499923706055
2019-11-29,121.19999694824219,142.27499389648438,62.025001525878906
2019-12-02,120.75,142.14999389648438,60.349998474121094
2019-12-03,120.55000305175781,142.375,62.5
2019-12-04,119.44999694824219,140.875,61.875
2019-12-05,119.92500305175781,140.5500030517578,61.57500076293945
2019-12-06,120.19999694824219,141.5500030517578,61.125
2019-12-09,120.17500305175781,141.52499389648438,60.0
2019-12-10,119.875,141.64999389648438,60.474998474121094
2019-12-11,120.57499694824219,142.77499389648438,60.70000076293945
2019-12-12,120.42500305175781,142.5500030517578,61.0
2019-12-13,122.375,145.6750030517578,60.474998474121094
2019-12-16,122.30000305175781,145.25,70.5
2019-12-17,122.2249984741211,145.14999389648438,69.8499984741211
2019-12-18,122.25,144.5500030517578,69.9000015258789
2019-12-19,122.125,144.72500610351562,70.9749984741211
2019-12-20,122.2249984741211,144.27499389648438,70.67500305175781
2019-12-23,122.4000015258789,143.52499389648438,70.25
2019-12-24,122.6500015258789,143.5749969482422,70.69999694824219
2019-12-26,123.2750015258789,145.4499969482422,70.9000015258789
2019-12-27,123.5,145.5500030517578,70.57499694824219
2019-12-30,124.0999984741211,145.4250030517578,71.80000305175781
2019-12-31,124.69999694824219,145.3249969482422,71.42500305175781
2020-01-02,125.7750015258789,144.64999389648438,71.55000305175781
2020-01-03,124.7249984741211,143.35000610351562,68.55000305175781
2020-01-06,127.2750015258789,147.4250030517578,68.625
2020-01-07,126.5250015258789,145.89999389648438,69.2249984741211
2020-01-08,126.3499984741211,146.8249969482422,69.0250015258789
2020-01-09,126.7249984741211,146.9250030517578,67.0250015258789
2020-01-10,127.42500305175781,147.60000610351562,67.25
2020-01-13,126.55000305175781,146.02499389648438,65.9000015258789
2020-01-14,126.8499984741211,145.89999389648438,67.67500305175781
2020-01-15,126.5999984741211,145.4250030517578,67.875
2020-01-16,126.125,145.4250030517578,66.875
2020-01-17,126.3499984741211,145.35000610351562,67.67500305175781
2020-01-21,126.375,145.0749969482422,67.3499984741211
2020-01-22,126.17500305175781,143.9250030517578,67.55000305175781
2020-01-23,124.67500305175781,142.77499389648438,68.5
2020-01-24,124.8499984741211,141.85000610351562,67.2249984741211
2020-01-27,122.25,141.89999389648438,65.94999694824219
2020-01-28,122.1500015258789,142.0500030517578,66.2249984741211
2020-01-29,121.75,142.10000610351562,64.30000305175781
2020-01-30,121.7750015258789,142.4499969482422,61.29999923706055
2020-01-31,121.375,136.0749969482422,57.125
2020-02-03,121.67500305175781,136.64999389648438,56.29999923706055
2020-02-04,121.625,137.5,56.75
2020-02-05,120.75,135.6750030517578,57.099998474121094
2020-02-06,121.125,135.89999389648438,57.70000076293945
2020-02-07,121.32499694824219,135.1999969482422,57.099998474121094
2020-02-10,120.30000305175781,135.6999969482422,56.20000076293945
2020-02-11,119.07499694824219,134.6750030517578,56.125
2020-02-12,118.94999694824219,135.0500030517578,55.67499923706055
2020-02-13,119.44999694824219,136.3249969482422,56.0
2020-02-14,120.82499694824219,138.52499389648438,55.900001525878906
2020-02-18,121.42500305175781,139.3000030517578,65.5
2020-02-19,121.30000305175781,140.77499389648438,67.57499694824219
2020-02-20,120.0999984741211,140.8000030517578,66.875
2020-02-21,119.7249984741211,140.1999969482422,67.0250015258789
2020-02-24,117.0,136.02499389648438,64.625
2020-02-25,115.0250015258789,132.97500610351562,64.67500305175781
2020-02-26,114.07499694824219,134.0749969482422,65.1500015258789
2020-02-27,112.625,132.5749969482422,62.54999923706055
2020-02-28,112.69999694824219,131.27499389648438,62.275001525878906
2020-03-02,110.1500015258789,133.72500610351562,62.79999923706055
2020-03-03,110.0999984741211,133.52499389648438,63.54999923706055
2020-03-04,111.2750015258789,134.85000610351562,64.30000305175781
2020-03-05,108.6500015258789,133.625,65.375
2020-03-06,105.75,130.6999969482422,65.92500305175781
2020-03-09,102.8499984741211,126.19999694824219,63.0
2020-03-10,105.44999694824219,127.75,65.0
2020-03-11,103.07499694824219,123.32499694824219,63.875
2020-03-12,100.07499694824219,118.82499694824219,60.875
2020-03-13,95.57499694824219,113.0,56.375
2020-03-16,91.8499984741211,108.5,53.974998474121094
2020-03-17,96.3499984741211,113.55000305175781,58.474998474121094
2020-03-18,92.0999984741211,112.57499694824219,58.150001525878906
2020-03-19,95.0999984741211,117.07499694824219,61.150001525878906
2020-03-20,98.6500015258789,120.7249984741211,61.57500076293945
2020-03-23,101.6500015258789,125.2249984741211,64.57499694824219
2020-03-24,106.1500015258789,130.22500610351562,66.42500305175781
2020-03-25,108.44999694824219,132.0749969482422,65.8499984741211
2020-03-26,105.44999694824219,130.8000030517578,62.900001525878906
2020-03-27,100.94999694824219,120.5999984741211,58.45000076293945
2020-03-30,99.19999694824219,120.05000305175781,53.95000076293945
2020-03-31,101.82499694824219,121.92500305175781,52.20000076293945
2020-04-01,97.32499694824219,117.42500305175781,49.20000076293945
2020-04-02,92.82499694824219,110.67500305175781,44.70000076293945
2020-04-03,88.32499694824219,108.25,40.224998474121094
2020-04-06,83.82499694824219,110.42500305175781,41.125
2020-04-07,88.32499694824219,114.92500305175781,44.125
2020-04-08,92.82499694824219,119.875,43.125
2020-04-09,94.0,119.5250015258789,42.79999923706055
2020-04-13,91.0,115.0250015258789,44.900001525878906
2020-04-14,93.69999694824219,116.4000015258789,45.650001525878906
2020-04-15,94.7249984741211,115.80000305175781,45.599998474121094
2020-04-16,95.5,118.25,37.32500076293945
2020-04-17,94.6500015258789,119.5250015258789,37.92499923706055
2020-04-20,93.5250015258789,118.32499694824219,40.599998474121094
2020-04-21,91.5999984741211,117.9000015258789,44.275001525878906
2020-04-22,88.94999694824219,118.4749984741211,47.224998474121094
2020-04-23,85.94999694824219,119.42500305175781,50.974998474121094
2020-04-24,84.9749984741211,119.80000305175781,52.525001525878906
2020-04-27,84.80000305175781,120.4000015258789,56.275001525878906
2020-04-28,85.5250015258789,119.625,55.04999923706055
2020-04-29,85.5999984741211,119.55000305175781,56.275001525878906
2020-04-30,90.0,119.17500305175781,59.125
2020-05-01,87.25,117.82499694824219,62.875
2020-05-04,88.07499694824219,119.07499694824219,67.7249984741211
2020-05-05,86.4749984741211,119.5999984741211,66.1500015258789
2020-05-06,89.4749984741211,124.0999984741211,68.0999984741211
2020-05-07,93.9749984741211,130.27499389648438,68.80000305175781
2020-05-08,94.6500015258789,127.9000015258789,67.30000305175781
2020-05-11,92.67500305175781,123.6500015258789,66.32499694824219
2020-05-12,97.17500305175781,127.30000305175781,68.0250015258789
2020-05-13,93.875,125.30000305175781,68.0
2020-05-14,94.125,123.80000305175781,68.67500305175781
2020-05-15,97.0,124.7249984741211,57.875
2020-05-18,98.7249984741211,126.5999984741211,57.650001525878906
2020-05-19,98.7750015258789,127.42500305175781,56.650001525878906
2020-05-20,98.4000015258789,126.0,56.875
2020-05-21,98.80000305175781,126.0250015258789,59.349998474121094
2020-05-22,97.69999694824219,128.8000030517578,58.775001525878906
2020-05-26,99.4000015258789,133.3000030517578,60.5
2020-05-27,100.80000305175781,134.02499389648438,60.17499923706055
2020-05-28,101.4749984741211,135.5,56.92499923706055
2020-05-29,99.7249984741211,135.35000610351562,56.849998474121094
2020-06-01,98.30000305175781,136.125,54.599998474121094
2020-06-02,95.30000305175781,133.4250030517578,52.400001525878906
2020-06-03,95.44999694824219,134.22500610351562,48.650001525878906
2020-06-04,95.7249984741211,134.72500610351562,48.42499923706055
2020-06-05,93.9000015258789,134.1750030517578,47.45000076293945
2020-06-08,94.125,133.0749969482422,48.57500076293945
2020-06-09,96.32499694824219,134.25,48.07500076293945
2020-06-10,96.5999984741211,132.6750030517578,47.849998474121094
2020-06-11,96.82499694824219,132.1750030517578,47.974998474121094
2020-06-12,96.07499694824219,131.10000610351562,48.04999923706055
2020-06-15,96.07499694824219,131.1750030517578,52.275001525878906
2020-06-16,96.32499694824219,132.875,49.650001525878906
2020-06-17,96.5,133.5749969482422,49.650001525878906
2020-06-18,96.07499694824219,132.97500610351562,49.900001525878906
2020-06-19,94.69999694824219,132.5500030517578,48.45000076293945
2020-06-22,94.4000015258789,131.75,46.82500076293945
2020-06-23,93.5250015258789,133.1999969482422,46.900001525878906
2020-06-24,93.30000305175781,132.875,45.92499923706055
2020-06-25,94.17500305175781,133.25,46.92499923706055
2020-06-26,94.69999694824219,132.60000610351562,45.275001525878906
2020-06-29,95.0,133.5,45.375
2020-06-30,91.6500015258789,132.85000610351562,45.17499923706055
2020-07-01,97.30000305175781,133.0749969482422,44.79999923706055
2020-07-02,99.4000015258789,134.875,44.724998474121094
2020-07-06,100.0999984741211,136.14999389648438,44.95000076293945
2020-07-07,100.0,134.9250030517578,44.525001525878906
2020-07-08,99.1500015258789,134.0500030517578,44.04999923706055
2020-07-09,99.25,134.52499389648438,45.849998474121094
2020-07-10,100.0,135.75,45.974998474121094
2020-07-13,99.6500015258789,137.0500030517578,46.67499923706055
2020-07-14,98.80000305175781,136.72500610351562,46.79999923706055
2020-07-15,101.30000305175781,139.4250030517578,47.32500076293945
2020-07-16,103.2750015258789,142.60000610351562,53.650001525878906
2020-07-17,103.2750015258789,142.6999969482422,52.79999923706055
2020-07-20,102.2750015258789,141.60000610351562,50.400001525878906
2020-07-21,101.8499984741211,141.3249969482422,51.474998474121094
2020-07-22,101.5,141.52499389648438,52.650001525878906
2020-07-23,100.8499984741211,142.02499389648438,54.474998474121094
2020-07-24,101.32499694824219,142.0500030517578,54.0
2020-07-27,100.42500305175781,139.35000610351562,54.54999923706055
2020-07-28,100.9000015258789,140.6999969482422,54.20000076293945
2020-07-29,101.44999694824219,141.97500610351562,53.07500076293945
2020-07-30,101.7249984741211,143.02499389648438,51.42499923706055
2020-07-31,102.82499694824219,144.6750030517578,52.0
2020-08-03,103.0250015258789,144.875,49.875
2020-08-04,102.2750015258789,144.6999969482422,49.70000076293945
2020-08-05,102.30000305175781,144.8000030517578,49.45000076293945
2020-08-06,102.625,143.47500610351562,49.75
2020-08-07,102.80000305175781,142.72500610351562,51.0
2020-08-10,103.5999984741211,143.5749969482422,53.125
2020-08-11,104.6500015258789,144.5,53.07500076293945
2020-08-12,106.3499984741211,145.25,52.900001525878906
2020-08-13,107.05000305175781,144.9499969482422,53.70000076293945
2020-08-14,107.5999984741211,143.9250030517578,53.82500076293945
2020-08-17,106.9000015258789,142.72500610351562,53.525001525878906
2020-08-18,106.7249984741211,143.22500610351562,51.42499923706055
2020-08-19,107.4749984741211,143.5500030517578,52.54999923706055
2020-08-20,107.0250015258789,143.4250030517578,55.17499923706055
2020-08-21,105.80000305175781,142.9250030517578,54.25
2020-08-24,105.57499694824219,142.0,54.599998474121094
2020-08-25,105.5,142.25,55.95000076293945
2020-08-26,104.05000305175781,142.47500610351562,55.54999923706055
2020-08-27,102.9749984741211,141.97500610351562,55.724998474121094
2020-08-28,103.2249984741211,140.02499389648438,53.650001525878906
2020-08-31,104.5,140.3000030517578,53.599998474121094
2020-09-01,105.4749984741211,140.125,55.025001525878906
2020-09-02,104.4749984741211,138.6999969482422,56.400001525878906
2020-09-03,103.92500305175781,137.60000610351562,59.25
2020-09-04,104.44999694824219,137.64999389648438,59.82500076293945
2020-09-08,105.7750015258789,138.9499969482422,59.900001525878906
2020-09-09,104.69999694824219,138.39999389648438,61.375
2020-09-10,105.0999984741211,139.1750030517578,64.375
2020-09-11,105.5250015258789,140.0,66.57499694824219
2020-09-14,106.875,141.5,64.625
2020-09-15,107.0999984741211,141.6750030517578,65.69999694824219
2020-09-16,106.7249984741211,140.5,65.2249984741211
2020-09-17,106.7750015258789,139.9250030517578,66.5250015258789
2020-09-18,107.3499984741211,140.875,66.5
2020-09-21,106.69999694824219,141.0749969482422,65.5999984741211
2020-09-22,106.4749984741211,141.6999969482422,68.32499694824219
2020-09-23,107.1500015258789,142.0,69.5
2020-09-24,108.0250015258789,142.4499969482422,69.4749984741211
2020-09-25,107.57499694824219,140.3249969482422,71.75
2020-09-28,107.94999694824219,140.9250030517578,72.69999694824219
2020-09-29,108.9000015258789,142.9250030517578,72.375
2020-09-30,108.55000305175781,141.35000610351562,72.80000305175781
2020-10-01,108.5250015258789,140.9250030517578,74.1500015258789
2020-10-02,108.17500305175781,139.89999389648438,74.5
2020-10-05,108.82499694824219,140.0500030517578,74.75
2020-10-06,109.19999694824219,138.125,76.32499694824219
2020-10-07,110.17500305175781,138.5,76.875
2020-10-08,109.69999694824219,138.0500030517578,77.3499984741211
2020-10-09,109.875,138.25,78.125
2020-10-12,108.3499984741211,137.3000030517578,78.17500305175781
2020-10-13,108.82499694824219,138.125,77.80000305175781
2020-10-14,108.375,138.375,78.42500305175781
2020-10-15,107.7750015258789,138.9250030517578,69.875
2020-10-16,107.1500015258789,138.10000610351562,69.80000305175781
2020-10-19,104.0,134.60000610351562,71.42500305175781
2020-10-20,104.125,134.5,69.25
2020-10-21,103.6500015258789,134.39999389648438,69.19999694824219
2020-10-22,103.32499694824219,133.8249969482422,66.19999694824219
2020-10-23,103.3499984741211,133.52499389648438,67.0250015258789
2020-10-26,103.9749984741211,133.6999969482422,67.75
2020-10-27,104.8499984741211,134.3000030517578,67.6500015258789
2020-10-28,105.8499984741211,135.1750030517578,66.375
2020-10-29,106.2750015258789,136.4499969482422,65.625
2020-10-30,105.9749984741211,137.39999389648438,65.57499694824219
2020-11-02,108.55000305175781,136.97500610351562,65.94999694824219
2020-11-03,107.82499694824219,136.125,65.4000015258789
2020-11-04,107.875,137.6999969482422,66.3499984741211
2020-11-05,108.3499984741211,137.5749969482422,67.42500305175781
2020-11-06,108.6500015258789,137.6999969482422,64.9000015258789
2020-11-09,111.82499694824219,141.625,65.5999984741211
2020-11-10,111.875,140.85000610351562,65.125
2020-11-11,112.4000015258789,140.60000610351562,64.80000305175781
2020-11-12,111.9749984741211,140.0749969482422,65.80000305175781
2020-11-13,109.92500305175781,137.47500610351562,64.9000015258789
2020-11-16,110.42500305175781,137.27499389648438,65.1500015258789
2020-11-17,111.32499694824219,137.375,65.5250015258789
2020-11-18,110.6500015258789,137.02499389648438,65.80000305175781
2020-11-19,108.25,136.77499389648438,63.70000076293945
2020-11-20,108.0999984741211,134.60000610351562,64.125
2020-11-23,110.0,137.8249969482422,64.94999694824219
2020-11-24,111.17500305175781,138.60000610351562,65.30000305175781
2020-11-25,111.375,140.1750030517578,66.17500305175781
2020-11-27,110.625,139.8249969482422,65.875
2020-11-30,110.17500305175781,141.0500030517578,67.57499694824219
2020-12-01,110.625,141.64999389648438,66.9749984741211
2020-12-02,110.69999694824219,141.8000030517578,66.3499984741211
2020-12-03,109.5999984741211,139.8000030517578,66.0250015258789
2020-12-04,108.875,139.77499389648438,65.875
2020-12-07,108.0,137.8000030517578,64.5
2020-12-08,107.8499984741211,137.5749969482422,64.55000305175781
2020-12-09,107.375,137.02499389648438,65.125
2020-12-10,107.92500305175781,137.60000610351562,64.80000305175781
2020-12-11,108.75,139.72500610351562,64.67500305175781
2020-12-14,109.0999984741211,140.02499389648438,64.9000015258789
2020-12-15,108.5999984741211,140.10000610351562,66.44999694824219
2020-12-16,108.7750015258789,140.85000610351562,65.9749984741211
2020-12-17,109.3499984741211,140.97500610351562,65.5
2020-12-18,110.4749984741211,140.4499969482422,65.80000305175781
2020-12-21,110.5999984741211,140.625,65.92500305175781
2020-12-22,110.32499694824219,139.89999389648438,66.0250015258789
2020-12-23,111.92500305175781,140.27499389648438,67.8499984741211
2020-12-24,112.1500015258789,140.9250030517578,66.94999694824219
2020-12-28,113.05000305175781,141.0,66.5
2020-12-29,112.05000305175781,139.625,67.19999694824219
2020-12-30,112.125,138.52499389648438,67.5999984741211
2020-12-31,112.94999694824219,138.9499969482422,70.2750015258789
2021-01-04,112.30000305175781,134.9499969482422,71.2249984741211
2021-01-05,115.05000305175781,136.6750030517578,70.92500305175781
2021-01-06,115.0,135.77499389648438,69.7750015258789
2021-01-07,114.9749984741211,136.6999969482422,69.125
2021-01-08,114.4749984741211,135.8249969482422,68.69999694824219
2021-01-11,113.4000015258789,136.0,68.4749984741211
2021-01-12,112.4749984741211,133.22500610351562,68.5
2021-01-13,112.25,133.5749969482422,66.8499984741211
2021-01-14,112.07499694824219,132.60000610351562,66.30000305175781
2021-01-15,112.7750015258789,134.5749969482422,67.92500305175781
2021-01-19,113.32499694824219,134.39999389648438,66.4749984741211
2021-01-20,113.3499984741211,135.3000030517578,68.42500305175781
2021-01-21,114.0999984741211,135.875,68.0999984741211
2021-01-22,116.7249984741211,137.25,69.92500305175781
2021-01-25,116.5250015258789,136.5500030517578,70.625
2021-01-26,117.0,135.64999389648438,70.44999694824219
2021-01-27,116.44999694824219,135.625,70.57499694824219
2021-01-28,116.0,135.6999969482422,69.94999694824219
2021-01-29,115.05000305175781,137.72500610351562,69.80000305175781
2021-02-01,114.875,137.9250030517578,69.55000305175781
2021-02-02,115.9749984741211,139.125,71.55000305175781
2021-02-03,115.4749984741211,138.52499389648438,72.375
2021-02-04,116.44999694824219,139.5,71.0250015258789
2021-02-05,116.7249984741211,138.27499389648438,70.9749984741211
2021-02-08,116.57499694824219,137.4499969482422,72.17500305175781
2021-02-09,117.44999694824219,138.64999389648438,72.5999984741211
2021-02-10,116.125,139.5,73.55000305175781
2021-02-11,115.32499694824219,139.14999389648438,74.0250015258789
2021-02-12,117.19999694824219,140.85000610351562,74.0
2021-02-16,116.1500015258789,140.77499389648438,86.17500305175781
2021-02-17,115.30000305175781,138.4250030517578,84.9000015258789
2021-02-18,115.125,138.1999969482422,84.92500305175781
2021-02-19,115.92500305175781,139.125,84.5
2021-02-22,115.7249984741211,139.3249969482422,85.125
2021-02-23,115.625,138.5749969482422,86.42500305175781
2021-02-24,116.57499694824219,140.375,89.42500305175781
2021-02-25,117.0,140.4250030517578,89.75
2021-02-26,113.0999984741211,138.6750030517578,87.1500015258789
2021-03-01,118.9749984741211,137.1999969482422,87.7249984741211
2021-03-02,119.42500305175781,136.52499389648438,85.3499984741211
2021-03-03,119.4000015258789,137.0,87.92500305175781
2021-03-04,118.55000305175781,135.10000610351562,87.30000305175781
2021-03-05,119.0250015258789,134.60000610351562,87.17500305175781
2021-03-08,119.3499984741211,135.35000610351562,87.30000305175781
2021-03-09,119.6500015258789,137.14999389648438,88.3499984741211
2021-03-10,118.7750015258789,136.1999969482422,88.7750015258789
2021-03-11,118.5250015258789,135.25,91.5
2021-03-12,119.0,136.35000610351562,91.4000015258789
2021-03-15,119.125,137.02499389648438,90.55000305175781
2021-03-16,118.19999694824219,136.5749969482422,92.9000015258789
2021-03-17,119.42500305175781,136.9250030517578,93.67500305175781
2021-03-18,118.57499694824219,135.52499389648438,94.30000305175781
2021-03-19,118.4000015258789,134.6750030517578,94.25
2021-03-22,118.7750015258789,135.0749969482422,95.05000305175781
2021-03-23,119.125,135.4499969482422,96.4749984741211
2021-03-24,119.125,135.77499389648438,97.7750015258789
2021-03-25,119.55000305175781,136.14999389648438,99.67500305175781
2021-03-26,120.0999984741211,145.125,100.80000305175781
2021-03-29,120.9749984741211,147.0749969482422,100.375
2021-03-30,120.9749984741211,146.8249969482422,100.92500305175781
2021-03-31,120.9749984741211,143.875,101.05000305175781
2021-04-01,120.0250015258789,143.875,101.7750015258789
2021-04-05,121.375,146.4499969482422,102.4000015258789
2021-04-06,122.7249984741211,146.47500610351562,102.0999984741211
2021-04-07,123.1500015258789,147.625,102.875
2021-04-08,124.1500015258789,147.125,103.4749984741211
2021-04-09,123.42500305175781,144.75,103.4749984741211
2021-04-12,122.7249984741211,144.5,103.5250015258789
2021-04-13,122.4000015258789,142.4499969482422,103.4000015258789
2021-04-14,122.0999984741211,141.14999389648438,103.5999984741211
2021-04-15,121.5999984741211,140.0500030517578,103.4000015258789
2021-04-16,120.8499984741211,139.625,102.4749984741211
2021-04-19,120.3499984741211,137.72500610351562,105.6500015258789
2021-04-20,120.57499694824219,137.5749969482422,108.07499694824219
2021-04-21,119.7750015258789,135.10000610351562,107.5999984741211
2021-04-22,118.32499694824219,132.25,107.44999694824219
2021-04-23,117.8499984741211,133.85000610351562,109.3499984741211
2021-04-26,118.5,132.75,109.25
2021-04-27,118.375,134.1999969482422,109.80000305175781
2021-04-28,118.94999694824219,133.875,111.2750015258789
2021-04-29,119.4749984741211,134.47500610351562,108.7249984741211
2021-04-30,116.0,133.60000610351562,110.125
2021-05-03,115.30000305175781,133.0500030517578,110.69999694824219
2021-05-04,113.0250015258789,129.75,111.1500015258789
2021-05-05,114.42500305175781,131.47500610351562,111.375
2021-05-06,115.4749984741211,130.47500610351562,111.4000015258789
2021-05-07,116.0250015258789,131.72500610351562,111.9749984741211
2021-05-10,118.2249984741211,135.4499969482422,111.9000015258789
2021-05-11,118.625,135.3249969482422,111.4749984741211
2021-05-12,118.5999984741211,136.75,111.80000305175781
2021-05-13,115.5999984741211,137.4499969482422,111.4749984741211
2021-05-14,115.30000305175781,137.5500030517578,111.1500015258789
2021-05-17,115.3499984741211,137.9250030517578,108.6500015258789
2021-05-18,116.75,137.1999969482422,110.6500015258789
2021-05-19,116.9000015258789,136.5749969482422,110.94999694824219
2021-05-20,116.5999984741211,135.75,112.25
2021-05-21,117.67500305175781,137.22500610351562,114.2249984741211
2021-05-24,116.75,136.27499389648438,113.3499984741211
2021-05-25,116.7249984741211,136.625,115.25
2021-05-26,116.44999694824219,136.5,115.2750015258789
2021-05-27,116.3499984741211,136.3000030517578,115.7249984741211
2021-05-28,115.875,151.35000610351562,117.25
2021-06-01,113.55000305175781,149.14999389648438,118.625
2021-06-02,117.125,152.3249969482422,118.25
2021-06-03,116.7750015258789,152.9499969482422,119.375
2021-06-04,116.82499694824219,149.9250030517578,119.5
2021-06-07,116.2249984741211,150.1999969482422,119.9000015258789
2021-06-08,116.7249984741211,149.25,120.69999694824219
2021-06-09,117.4000015258789,148.27499389648438,121.94999694824219
2021-06-10,117.57499694824219,148.39999389648438,122.44999694824219
2021-06-11,118.69999694824219,151.1750030517578,122.67500305175781
2021-06-14,119.375,154.60000610351562,122.875
2021-06-15,121.2249984741211,156.8249969482422,118.5
2021-06-16,122.30000305175781,157.6999969482422,115.5
2021-06-17,120.0999984741211,157.39999389648438,111.0
2021-06-18,121.05000305175781,155.02499389648438,108.67500305175781
2021-06-21,120.9749984741211,155.10000610351562,107.05000305175781
2021-06-22,123.0999984741211,158.35000610351562,107.5250015258789
2021-06-23,122.5,155.6999969482422,104.5250015258789
2021-06-24,122.82499694824219,157.14999389648438,100.0250015258789
2021-06-25,122.82499694824219,159.5500030517578,101.94999694824219
2021-06-28,122.0999984741211,156.35000610351562,104.94999694824219
2021-06-29,122.55000305175781,157.39999389648438,106.9749984741211
2021-06-30,122.5,154.625,107.4749984741211
2021-07-01,123.57499694824219,156.3249969482422,107.30000305175781
2021-07-02,122.0,157.0500030517578,108.6500015258789
2021-07-06,122.4000015258789,160.625,109.92500305175781
2021-07-07,120.5999984741211,159.0,109.1500015258789
2021-07-08,119.2750015258789,157.3249969482422,110.0999984741211
2021-07-09,119.2249984741211,159.1750030517578,111.0
2021-07-12,119.82499694824219,158.14999389648438,112.4749984741211
2021-07-13,121.75,158.8249969482422,112.25
2021-07-14,121.25,156.9499969482422,112.375
2021-07-15,121.125,157.375,112.125
2021-07-16,120.17500305175781,155.625,105.6500015258789
2021-07-19,120.25,157.375,104.4749984741211
2021-07-20,119.7750015258789,155.52499389648438,105.0
2021-07-21,120.05000305175781,156.77499389648438,106.57499694824219
2021-07-22,120.80000305175781,158.1999969482422,106.6500015258789
2021-07-23,121.5,160.0749969482422,107.3499984741211
2021-07-26,123.44999694824219,162.1999969482422,107.4000015258789
2021-07-27,122.92500305175781,160.6999969482422,107.4749984741211
2021-07-28,123.07499694824219,160.1750030517578,105.69999694824219
2021-07-29,122.5,158.5,106.30000305175781
2021-07-30,122.07499694824219,158.1750030517578,106.19999694824219
2021-08-02,122.125,158.25,107.5
2021-08-03,123.25,158.89999389648438,109.07499694824219
2021-08-04,124.05000305175781,159.1999969482422,109.4749984741211
2021-08-05,122.57499694824219,157.64999389648438,109.4749984741211
2021-08-06,123.0,159.85000610351562,108.75
2021-08-09,123.0,159.3000030517578,108.9000015258789
2021-08-10,123.6500015258789,159.3249969482422,109.67500305175781
2021-08-11,122.94999694824219,158.77499389648438,109.625
2021-08-12,123.1500015258789,158.6999969482422,110.125
2021-08-13,122.75,158.0500030517578,109.80000305175781
2021-08-16,123.5250015258789,157.1999969482422,89.0
2021-08-17,123.30000305175781,156.5749969482422,87.9000015258789
2021-08-18,124.0250015258789,158.85000610351562,89.0999984741211
2021-08-19,123.4000015258789,158.27499389648438,86.92500305175781
2021-08-20,124.2750015258789,159.02499389648438,88.625
2021-08-23,126.44999694824219,158.1999969482422,87.4749984741211
2021-08-24,125.80000305175781,158.5749969482422,86.9749984741211
2021-08-25,124.42500305175781,159.3000030517578,88.75
2021-08-26,123.2750015258789,159.4499969482422,87.9000015258789
2021-08-27,122.0,164.64999389648438,90.7249984741211
2021-08-30,120.25,164.0500030517578,90.1500015258789
2021-08-31,118.94999694824219,163.0,88.80000305175781
2021-09-01,127.57499694824219,162.9250030517578,90.1500015258789
2021-09-02,126.05000305175781,160.3000030517578,89.8499984741211
2021-09-03,124.80000305175781,158.47500610351562,89.57499694824219
2021-09-07,123.75,156.27499389648438,88.0999984741211
2021-09-08,123.0999984741211,156.0500030517578,87.375
2021-09-09,123.75,155.75,85.4749984741211
2021-09-10,123.42500305175781,154.25,82.44999694824219
2021-09-13,122.2750015258789,152.1999969482422,80.7750015258789
2021-09-14,124.125,155.27499389648438,80.375
2021-09-15,124.17500305175781,154.72500610351562,82.2750015258789
2021-09-16,123.5999984741211,155.875,85.4749984741211
2021-09-17,122.80000305175781,154.875,85.7249984741211
2021-09-20,122.7750015258789,155.0,84.9749984741211
2021-09-21,122.44999694824219,154.85000610351562,84.375
2021-09-22,123.2750015258789,154.8000030517578,83.8499984741211
2021-09-23,123.2249984741211,154.89999389648438,84.75
2021-09-24,122.92500305175781,154.625,87.2750015258789
2021-09-27,122.4000015258789,154.25,90.25
2021-09-28,122.0,154.39999389648438,91.67500305175781
2021-09-29,121.7750015258789,154.27499389648438,90.80000305175781
2021-09-30,120.57499694824219,153.9250030517578,91.5999984741211
2021-10-01,120.4000015258789,152.75,92.30000305175781
2021-10-04,122.625,155.0,90.80000305175781
2021-10-05,122.82499694824219,156.10000610351562,90.9749984741211
2021-10-06,123.82499694824219,156.8000030517578,89.625
2021-10-07,125.2750015258789,160.35000610351562,89.8499984741211
2021-10-08,125.57499694824219,159.47500610351562,90.25
2021-10-11,125.625,159.3249969482422,89.94999694824219
2021-10-12,125.0250015258789,158.5749969482422,89.07499694824219
2021-10-13,124.7750015258789,157.64999389648438,88.6500015258789
2021-10-14,125.75,158.4250030517578,88.19999694824219
2021-10-15,125.9749984741211,157.5749969482422,78.2750015258789
2021-10-18,125.44999694824219,155.75,78.75
2021-10-19,125.0,155.10000610351562,77.4000015258789
2021-10-20,125.94999694824219,155.9250030517578,76.0250015258789
2021-10-21,124.9749984741211,156.25,73.19999694824219
2021-10-22,124.0999984741211,155.4250030517578,73.32499694824219
2021-10-25,125.0250015258789,155.625,74.19999694824219
2021-10-26,126.82499694824219,155.97500610351562,72.57499694824219
2021-10-27,127.2249984741211,156.5,71.9749984741211
2021-10-28,124.5,156.6750030517578,75.19999694824219
2021-10-29,127.375,156.5749969482422,76.07499694824219
2021-11-01,128.85000610351562,154.39999389648438,76.1500015258789
2021-11-02,129.9499969482422,157.5749969482422,74.25
2021-11-03,131.64999389648438,159.1750030517578,75.94999694824219
2021-11-04,130.625,158.02499389648438,77.875
2021-11-05,131.8000030517578,158.875,76.55000305175781
2021-11-08,132.10000610351562,158.5749969482422,76.375
2021-11-09,132.1999969482422,157.89999389648438,74.94999694824219
2021-11-10,132.0,156.64999389648438,75.69999694824219
2021-11-11,131.875,157.3249969482422,75.375
2021-11-12,132.125,156.25,75.875
2021-11-15,131.77499389648438,155.9250030517578,75.80000305175781
2021-11-16,131.72500610351562,155.64999389648438,77.7249984741211
2021-11-17,132.22500610351562,156.0749969482422,76.17500305175781
2021-11-18,133.14999389648438,155.9250030517578,75.0999984741211
2021-11-19,133.52499389648438,160.9250030517578,73.75
2021-11-22,134.4250030517578,161.6999969482422,74.6500015258789
2021-11-23,135.39999389648438,164.375,74.1500015258789
2021-11-24,137.89999389648438,166.9250030517578,75.42500305175781
2021-11-26,138.10000610351562,167.14999389648438,73.19999694824219
2021-11-29,136.9250030517578,165.72500610351562,72.4000015258789
2021-11-30,135.875,164.85000610351562,73.375
2021-12-01,136.0,165.8249969482422,73.625
2021-12-02,137.64999389648438,165.77499389648438,74.4000015258789
2021-12-03,137.6750030517578,164.125,74.0
2021-12-06,138.1750030517578,165.25,72.05000305175781
2021-12-07,138.22500610351562,165.02499389648438,72.07499694824219
2021-12-08,137.5500030517578,163.39999389648438,70.82499694824219
2021-12-09,136.72500610351562,164.0749969482422,72.42500305175781
2021-12-10,136.85000610351562,164.875,73.05000305175781
2021-12-13,136.9499969482422,165.52499389648438,72.2750015258789
2021-12-14,136.77499389648438,164.5749969482422,72.17500305175781
2021-12-15,135.0,163.4250030517578,79.32499694824219
2021-12-16,135.27499389648438,162.5749969482422,80.3499984741211
2021-12-17,134.75,160.25,80.80000305175781
2021-12-20,134.47500610351562,159.22500610351562,79.4749984741211
2021-12-21,135.52499389648438,160.85000610351562,82.42500305175781
2021-12-22,135.75,161.77499389648438,83.3499984741211
2021-12-23,137.0500030517578,163.4499969482422,83.2249984741211
2021-12-27,137.3000030517578,162.39999389648438,83.6500015258789
2021-12-28,138.47500610351562,163.5500030517578,82.625
2021-12-29,139.39999389648438,165.875,83.82499694824219
2021-12-30,139.0500030517578,166.3249969482422,82.69999694824219
2021-12-31,138.89999389648438,166.875,81.4749984741211
2022-01-03,138.9250030517578,166.25,81.125
2022-01-04,137.8249969482422,162.6750030517578,80.1500015258789
2022-01-05,137.25,162.125,82.2750015258789
2022-01-06,137.35000610351562,162.5749969482422,82.94999694824219
2022-01-07,137.3249969482422,162.10000610351562,79.6500015258789
2022-01-10,136.25,160.9250030517578,78.375
2022-01-11,137.6750030517578,162.0749969482422,77.8499984741211
2022-01-12,136.5749969482422,161.875,78.8499984741211
2022-01-13,137.0,162.9250030517578,77.8499984741211
2022-01-14,137.97500610351562,162.6999969482422,80.9000015258789
2022-01-18,137.6750030517578,161.4499969482422,81.5999984741211
2022-01-19,138.5500030517578,161.39999389648438,82.30000305175781
2022-01-20,138.3249969482422,161.1750030517578,84.92500305175781
2022-01-21,137.9250030517578,160.27499389648438,86.19999694824219
2022-01-24,136.3249969482422,158.47500610351562,86.32499694824219
2022-01-25,137.10000610351562,158.5500030517578,87.44999694824219
2022-01-26,138.0500030517578,158.72500610351562,88.0250015258789
2022-01-27,137.8249969482422,158.9250030517578,87.0250015258789
2022-01-28,138.6999969482422,159.625,87.92500305175781
2022-01-31,139.5749969482422,163.02499389648438,88.4749984741211
2022-02-01,140.3000030517578,163.6999969482422,88.1500015258789
2022-02-02,141.125,166.875,87.3499984741211
2022-02-03,141.60000610351562,166.72500610351562,86.44999694824219
2022-02-04,142.0500030517578,166.10000610351562,87.0250015258789
2022-02-07,141.8249969482422,165.02499389648438,87.69999694824219
2022-02-08,141.97500610351562,166.875,90.32499694824219
2022-02-09,142.89999389648438,168.27499389648438,90.2249984741211
2022-02-10,142.35000610351562,166.72500610351562,90.17500305175781
2022-02-11,141.875,166.22500610351562,90.5
2022-02-14,142.4250030517578,166.875,91.625
2022-02-15,142.89999389648438,168.72500610351562,104.1500015258789
2022-02-16,143.125,167.4499969482422,105.4000015258789
2022-02-17,143.39999389648438,166.1999969482422,107.57499694824219
2022-02-18,143.25,165.4250030517578,109.4000015258789
2022-02-22,143.75,164.22500610351562,112.07499694824219
2022-02-23,143.0500030517578,162.77499389648438,108.0250015258789
2022-02-24,140.52499389648438,159.10000610351562,105.5250015258789
2022-02-25,139.27499389648438,160.02499389648438,103.67500305175781
2022-02-28,140.5,157.72500610351562,103.5
2022-03-01,140.52499389648438,156.27499389648438,106.19999694824219
2022-03-02,140.10000610351562,158.3000030517578,106.30000305175781
2022-03-03,138.35000610351562,156.35000610351562,105.19999694824219
2022-03-04,135.77499389648438,153.125,100.44999694824219
2022-03-07,137.89999389648438,154.60000610351562,100.2750015258789
2022-03-08,139.0500030517578,154.02499389648438,102.92500305175781
2022-03-09,137.5749969482422,154.0500030517578,101.1500015258789
2022-03-10,135.89999389648438,151.64999389648438,100.0999984741211
2022-03-11,137.3000030517578,153.27499389648438,102.7249984741211
2022-03-14,140.3249969482422,155.9499969482422,102.19999694824219
2022-03-15,140.85000610351562,156.35000610351562,102.4000015258789
2022-03-16,139.35000610351562,157.25,102.375
2022-03-17,139.47500610351562,156.5500030517578,100.3499984741211
2022-03-18,140.5,157.0,99.4000015258789
2022-03-21,140.0500030517578,156.10000610351562,100.625
2022-03-22,139.4250030517578,156.3249969482422,100.25
2022-03-23,139.4250030517578,156.10000610351562,102.55000305175781
2022-03-24,139.6750030517578,156.77499389648438,102.7750015258789
2022-03-25,140.47500610351562,156.4250030517578,107.4749984741211
2022-03-28,140.3000030517578,156.10000610351562,107.57499694824219
2022-03-29,140.89999389648438,156.6999969482422,106.05000305175781
2022-03-30,140.1750030517578,155.97500610351562,104.5250015258789
2022-03-31,139.375,155.89999389648438,101.75
2022-04-01,138.64999389648438,161.5749969482422,101.30000305175781
2022-04-04,138.0,158.375,99.44999694824219
2022-04-05,136.8000030517578,156.125,97.67500305175781
2022-04-06,137.6999969482422,157.10000610351562,98.75
2022-04-07,138.0,156.39999389648438,99.05000305175781
2022-04-08,137.8249969482422,156.5500030517578,99.0250015258789
2022-04-11,138.52499389648438,156.64999389648438,98.42500305175781
2022-04-12,139.9499969482422,157.75,99.625
2022-04-13,140.625,158.5500030517578,99.9000015258789
2022-04-14,140.6750030517578,158.1999969482422,99.875
2022-04-18,140.47500610351562,155.77499389648438,116.5250015258789
2022-04-19,141.35000610351562,156.64999389648438,114.69999694824219
2022-04-20,143.0749969482422,157.5,112.4749984741211
2022-04-21,144.10000610351562,158.4499969482422,110.8499984741211
2022-04-22,142.4499969482422,157.9499969482422,111.8499984741211
2022-04-25,139.10000610351562,156.5500030517578,107.80000305175781
2022-04-26,140.0,156.1999969482422,105.19999694824219
2022-04-27,138.5,156.1999969482422,104.17500305175781
2022-04-28,138.5,155.9250030517578,103.9749984741211
2022-04-29,141.89999389648438,156.35000610351562,100.9000015258789
2022-05-02,135.1999969482422,161.4250030517578,99.875
2022-05-03,135.3249969482422,162.39999389648438,99.7750015258789
2022-05-04,134.8249969482422,162.25,102.5999984741211
2022-05-05,133.77499389648438,160.3249969482422,102.80000305175781
2022-05-06,132.75,159.5500030517578,102.19999694824219
2022-05-09,133.5500030517578,159.8000030517578,100.875
2022-05-10,132.39999389648438,158.9250030517578,101.07499694824219
2022-05-11,133.5749969482422,158.14999389648438,100.92500305175781
2022-05-12,131.64999389648438,156.875,100.0999984741211
2022-05-13,132.0749969482422,157.875,100.0
2022-05-16,133.1750030517578,157.39999389648438,103.82499694824219
2022-05-17,133.0,157.1750030517578,105.1500015258789
2022-05-18,131.5,155.85000610351562,106.0999984741211
2022-05-19,131.5,154.125,105.30000305175781
2022-05-20,131.5749969482422,153.39999389648438,108.875
2022-05-23,132.77499389648438,153.4499969482422,110.375
2022-05-24,132.72500610351562,154.5,109.0250015258789
2022-05-25,132.3000030517578,154.60000610351562,109.05000305175781
2022-05-26,132.39999389648438,154.5749969482422,111.0999984741211
2022-05-27,132.1750030517578,166.3249969482422,110.4000015258789
2022-05-31,130.52499389648438,165.125,107.9749984741211
2022-06-01,132.8000030517578,169.72500610351562,109.80000305175781
2022-06-02,133.625,172.9499969482422,110.05000305175781
2022-06-03,133.60000610351562,173.875,110.19999694824219
2022-06-06,132.8249969482422,171.97500610351562,109.2249984741211
2022-06-07,133.72500610351562,172.4499969482422,108.42500305175781
2022-06-08,136.8249969482422,175.64999389648438,107.8499984741211
2022-06-09,137.0500030517578,176.02499389648438,106.9749984741211
2022-06-10,136.1999969482422,174.47500610351562,107.80000305175781
2022-06-13,134.0,171.3249969482422,108.0
2022-06-14,135.1999969482422,171.3000030517578,108.44999694824219
2022-06-15,137.5500030517578,173.27499389648438,108.2750015258789
2022-06-16,137.75,171.3000030517578,109.57499694824219
2022-06-17,138.02499389648438,172.9499969482422,111.0
2022-06-21,137.8249969482422,175.3000030517578,112.7249984741211
2022-06-22,136.125,173.14999389648438,111.8499984741211
2022-06-23,135.25,174.85000610351562,108.55000305175781
2022-06-24,135.35000610351562,172.5,110.92500305175781
2022-06-27,136.25,174.125,110.17500305175781
2022-06-28,136.3000030517578,171.8249969482422,109.92500305175781
2022-06-29,136.8000030517578,170.72500610351562,109.4000015258789
2022-06-30,138.0,173.60000610351562,109.125
2022-07-01,134.60000610351562,174.5,109.5999984741211
2022-07-05,132.9250030517578,172.6999969482422,112.1500015258789
2022-07-06,134.5,173.3000030517578,113.1500015258789
2022-07-07,134.5500030517578,172.47500610351562,113.25
2022-07-08,133.9499969482422,171.72500610351562,112.8499984741211
2022-07-11,136.14999389648438,174.875,113.1500015258789
2022-07-12,136.6750030517578,179.5749969482422,113.5999984741211
2022-07-13,136.875,180.8000030517578,114.5
2022-07-14,135.39999389648438,178.89999389648438,114.92500305175781
2022-07-15,134.9250030517578,176.35000610351562,114.9000015258789
2022-07-18,135.625,176.6750030517578,112.125
2022-07-19,135.72500610351562,178.75,112.82499694824219
2022-07-20,135.75,177.8249969482422,114.875
2022-07-21,135.72500610351562,178.27499389648438,116.30000305175781
2022-07-22,137.375,181.5500030517578,118.69999694824219
2022-07-25,137.75,179.3000030517578,117.2249984741211
2022-07-26,136.875,177.4250030517578,116.9749984741211
2022-07-27,136.8000030517578,179.10000610351562,118.5999984741211
2022-07-28,136.1750030517578,177.4250030517578,119.125
2022-07-29,136.4499969482422,178.5749969482422,120.6500015258789
2022-08-01,136.77499389648438,179.64999389648438,120.44999694824219
2022-08-02,136.5749969482422,178.125,119.8499984741211
2022-08-03,137.89999389648438,179.35000610351562,121.0
2022-08-04,137.6999969482422,179.0749969482422,120.6500015258789
2022-08-05,137.875,179.52499389648438,120.82499694824219
2022-08-08,138.35000610351562,181.27499389648438,121.80000305175781
2022-08-09,137.97500610351562,178.8000030517578,122.19999694824219
2022-08-10,139.1999969482422,180.6750030517578,122.25
2022-08-11,140.60000610351562,179.9499969482422,122.4000015258789
2022-08-12,140.22500610351562,179.625,121.7249984741211
2022-08-15,139.75,179.9250030517578,100.57499694824219
2022-08-16,141.3000030517578,181.52499389648438,96.57499694824219
2022-08-17,141.75,183.25,98.05000305175781
2022-08-18,141.27499389648438,181.52499389648438,93.30000305175781
2022-08-19,141.60000610351562,181.5,93.125
2022-08-22,141.22500610351562,181.39999389648438,93.9749984741211
2022-08-23,141.625,180.89999389648438,92.9000015258789
2022-08-24,141.3249969482422,181.22500610351562,90.375
2022-08-25,141.10000610351562,181.875,91.0999984741211
2022-08-26,140.8000030517578,182.1999969482422,90.6500015258789
2022-08-29,141.5500030517578,179.9250030517578,92.25
2022-08-30,142.5,182.1750030517578,93.5999984741211
2022-08-31,141.5500030517578,182.4499969482422,91.5250015258789
2022-09-01,142.8000030517578,183.14999389648438,91.94999694824219
2022-09-02,144.5500030517578,183.875,90.0250015258789
2022-09-06,145.0500030517578,184.1750030517578,91.0999984741211
2022-09-07,144.25,182.02499389648438,91.07499694824219
2022-09-08,144.375,182.3249969482422,92.125
2022-09-09,145.6750030517578,183.0,93.17500305175781
2022-09-12,145.75,181.52499389648438,91.875
2022-09-13,144.8000030517578,179.4499969482422,95.75
2022-09-14,144.35000610351562,179.97500610351562,94.69999694824219
2022-09-15,145.625,179.35000610351562,96.05000305175781
2022-09-16,145.5,179.1999969482422,96.9000015258789
2022-09-19,145.72500610351562,179.9499969482422,96.4749984741211
2022-09-20,146.3000030517578,178.8000030517578,95.9749984741211
2022-09-21,145.875,178.1750030517578,94.42500305175781
2022-09-22,144.85000610351562,178.1999969482422,94.125
2022-09-23,144.25,178.125,92.625
2022-09-26,143.47500610351562,176.875,90.375
2022-09-27,143.5749969482422,175.6999969482422,88.69999694824219
2022-09-28,143.0500030517578,175.375,89.375
2022-09-29,144.125,175.97500610351562,89.44999694824219
2022-09-30,143.27499389648438,174.1750030517578,89.2249984741211
2022-10-03,144.3249969482422,175.52499389648438,88.7750015258789
2022-10-04,144.1999969482422,174.64999389648438,87.0
2022-10-05,144.6750030517578,176.5500030517578,90.80000305175781
2022-10-06,145.3249969482422,175.72500610351562,92.375
2022-10-07,145.3249969482422,174.72500610351562,92.94999694824219
2022-10-10,144.6999969482422,172.10000610351562,93.75
2022-10-11,145.8000030517578,175.0749969482422,93.0250015258789
2022-10-12,146.1750030517578,175.5,93.0999984741211
2022-10-13,146.4499969482422,174.75,93.42500305175781
2022-10-14,146.9499969482422,173.8000030517578,93.375
2022-10-17,147.875,174.75,84.94999694824219
2022-10-18,148.47500610351562,174.8249969482422,86.4749984741211
2022-10-19,149.35000610351562,175.22500610351562,87.375
2022-10-20,149.77499389648438,175.5749969482422,87.0250015258789
2022-10-21,150.47500610351562,175.27499389648438,89.125
2022-10-24,151.60000610351562,175.6750030517578,87.92500305175781
2022-10-25,151.6750030517578,176.60000610351562,88.44999694824219
2022-10-26,151.4499969482422,176.4250030517578,88.5
2022-10-27,151.39999389648438,175.97500610351562,85.125
2022-10-28,150.375,177.875,86.0999984741211
2022-10-31,146.77499389648438,177.625,84.92500305175781
2022-11-01,151.9499969482422,176.9250030517578,85.19999694824219
2022-11-02,151.39999389648438,178.9250030517578,83.30000305175781
2022-11-03,151.9499969482422,178.0,83.375
2022-11-04,151.64999389648438,177.8249969482422,82.9749984741211
2022-11-07,153.0500030517578,178.22500610351562,87.05000305175781
2022-11-08,153.0500030517578,178.27499389648438,85.57499694824219
2022-11-09,151.5749969482422,177.72500610351562,85.2750015258789
2022-11-10,153.0749969482422,178.625,84.875
2022-11-11,151.52499389648438,176.9499969482422,84.3499984741211
2022-11-14,151.5749969482422,176.9499969482422,84.875
2022-11-15,151.27499389648438,175.6750030517578,85.32499694824219
2022-11-16,151.8000030517578,175.6999969482422,85.57499694824219
2022-11-17,152.75,175.85000610351562,84.9749984741211
2022-11-18,153.0749969482422,180.77499389648438,84.2249984741211
2022-11-21,153.5500030517578,182.625,83.80000305175781
2022-11-22,153.8000030517578,181.6750030517578,84.25
2022-11-23,153.35000610351562,179.25,83.94999694824219
2022-11-25,153.0749969482422,178.3000030517578,83.7750015258789
2022-11-28,152.5749969482422,176.875,80.5999984741211
2022-11-29,152.6750030517578,178.0,81.07499694824219
2022-11-30,153.0749969482422,180.47500610351562,82.9000015258789
2022-12-01,153.0500030517578,181.0749969482422,83.125
2022-12-02,153.35000610351562,182.4499969482422,82.42500305175781
2022-12-05,153.22500610351562,183.77499389648438,82.07499694824219
2022-12-06,151.5500030517578,181.8000030517578,82.2750015258789
2022-12-07,151.9250030517578,180.89999389648438,82.375
2022-12-08,152.4250030517578,183.47500610351562,82.0
2022-12-09,153.6750030517578,183.9250030517578,81.57499694824219
2022-12-12,154.39999389648438,183.64999389648438,81.94999694824219
2022-12-13,154.89999389648438,184.22500610351562,82.4000015258789
2022-12-14,154.5,183.60000610351562,82.32499694824219
2022-12-15,154.0500030517578,183.0500030517578,81.6500015258789
2022-12-16,155.0500030517578,183.77499389648438,85.7750015258789
2022-12-19,155.27499389648438,182.10000610351562,85.69999694824219
2022-12-20,155.0500030517578,183.625,84.25
2022-12-21,156.125,183.8249969482422,88.4000015258789
2022-12-22,155.89999389648438,183.97500610351562,89.05000305175781
2022-12-23,156.89999389648438,184.0,87.82499694824219
2022-12-27,156.8249969482422,183.10000610351562,91.4749984741211
2022-12-28,157.4499969482422,183.47500610351562,90.80000305175781
2022-12-29,158.5,183.8000030517578,88.67500305175781
2022-12-30,154.8249969482422,183.6999969482422,87.69999694824219
2023-01-03,156.85000610351562,182.6999969482422,85.07499694824219
2023-01-04,157.27499389648438,185.22500610351562,84.07499694824219
2023-01-05,157.35000610351562,183.8000030517578,82.5250015258789
2023-01-06,156.77499389648438,182.6999969482422,80.2750015258789
2023-01-09,157.75,183.625,80.80000305175781
2023-01-10,157.75,184.3000030517578,79.80000305175781
2023-01-11,157.75,183.125,79.30000305175781
2023-01-12,157.5500030517578,182.125,78.75
2023-01-13,157.72500610351562,181.25,78.6500015258789
2023-01-17,157.0,179.64999389648438,78.44999694824219
2023-01-18,156.8000030517578,179.5,77.32499694824219
2023-01-19,155.9499969482422,178.10000610351562,76.6500015258789
2023-01-20,156.625,177.9250030517578,77.82499694824219
2023-01-23,157.47500610351562,179.1750030517578,77.57499694824219
2023-01-24,157.85000610351562,178.9499969482422,77.0999984741211
2023-01-25,157.60000610351562,179.39999389648438,76.80000305175781
2023-01-26,156.72500610351562,179.5749969482422,77.0250015258789
2023-01-27,156.72500610351562,183.47500610351562,75.875
2023-01-30,158.75,183.9250030517578,75.1500015258789
2023-01-31,158.85000610351562,186.14999389648438,74.875
2023-02-01,158.4250030517578,183.25,73.9749984741211
2023-02-02,159.75,185.9250030517578,75.3499984741211
2023-02-03,160.27499389648438,186.10000610351562,75.0250015258789
2023-02-06,160.8249969482422,187.6999969482422,75.05000305175781
2023-02-07,160.5749969482422,187.1999969482422,75.375
2023-02-08,160.8000030517578,186.4499969482422,75.92500305175781
2023-02-09,160.8249969482422,186.8249969482422,75.82499694824219
2023-02-10,161.1999969482422,186.39999389648438,75.875
2023-02-13,162.27499389648438,187.1999969482422,75.82499694824219
2023-02-14,162.14999389648438,186.64999389648438,75.67500305175781
2023-02-15,162.5500030517578,187.3249969482422,86.5
2023-02-16,162.77499389648438,186.22500610351562,85.7750015258789
2023-02-17,163.5749969482422,186.52499389648438,85.2750015258789
2023-02-21,164.75,186.875,89.0999984741211
2023-02-22,164.89999389648438,187.97500610351562,86.55000305175781
2023-02-23,165.14999389648438,189.22500610351562,86.19999694824219
2023-02-24,165.1999969482422,189.0749969482422,86.0250015258789
2023-02-27,165.0,189.1750030517578,84.7249984741211
2023-02-28,167.5,189.8000030517578,85.17500305175781
2023-03-01,165.125,188.3000030517578,84.94999694824219
2023-03-02,164.10000610351562,188.5749969482422,83.8499984741211
2023-03-03,165.4250030517578,190.0,84.55000305175781
2023-03-06,166.10000610351562,192.0749969482422,83.4749984741211
2023-03-07,165.97500610351562,192.125,84.80000305175781
2023-03-08,165.4499969482422,193.75,85.75
2023-03-09,164.8000030517578,193.0749969482422,85.07499694824219
2023-03-10,164.27499389648438,191.47500610351562,87.44999694824219
2023-03-13,163.5500030517578,190.8249969482422,86.2249984741211
2023-03-14,163.0500030517578,189.9250030517578,85.4000015258789
2023-03-15,161.5500030517578,188.1999969482422,83.75
2023-03-16,162.35000610351562,189.5,79.44999694824219
2023-03-17,162.3249969482422,188.85000610351562,79.875
2023-03-20,162.02499389648438,188.1999969482422,77.7750015258789
2023-03-21,162.4250030517578,188.77499389648438,77.05000305175781
2023-03-22,162.3000030517578,188.25,76.07499694824219
2023-03-23,162.14999389648438,189.02499389648438,75.75
2023-03-24,163.0,189.64999389648438,77.17500305175781
2023-03-27,164.89999389648438,192.35000610351562,78.625
2023-03-28,164.9499969482422,191.72500610351562,77.75
2023-03-29,165.8249969482422,191.4499969482422,76.7750015258789
2023-03-30,167.5500030517578,192.39999389648438,76.44999694824219
2023-03-31,168.35000610351562,200.8249969482422,75.25
2023-04-03,168.125,198.9499969482422,74.5250015258789
2023-04-04,167.60000610351562,197.9499969482422,72.2249984741211
2023-04-05,168.39999389648438,197.8249969482422,73.4000015258789
2023-04-06,171.0749969482422,200.625,74.1500015258789
2023-04-10,171.375,200.9250030517578,73.375
2023-04-11,172.3000030517578,202.10000610351562,73.05000305175781
2023-04-12,174.27499389648438,202.22500610351562,72.30000305175781
2023-04-13,175.5,202.6750030517578,71.5999984741211
2023-04-14,174.75,203.39999389648438,71.75
2023-04-17,175.75,205.5500030517578,71.875
2023-04-18,176.47500610351562,205.9250030517578,78.82499694824219
2023-04-19,175.4250030517578,204.6750030517578,78.7750015258789
2023-04-20,174.10000610351562,205.02499389648438,76.82499694824219
2023-04-21,173.97500610351562,203.77499389648438,77.0250015258789
2023-04-24,174.3000030517578,202.5500030517578,77.69999694824219
2023-04-25,174.3000030517578,202.0749969482422,76.875
2023-04-26,174.52499389648438,202.6750030517578,78.2750015258789
2023-04-27,175.4499969482422,202.6750030517578,78.125
2023-04-28,175.1750030517578,210.97500610351562,79.6500015258789
2023-05-01,164.875,209.6999969482422,79.30000305175781
2023-05-02,162.89999389648438,205.9499969482422,78.17500305175781
2023-05-03,161.64999389648438,203.4250030517578,78.1500015258789
2023-05-04,161.5749969482422,203.64999389648438,77.07499694824219
2023-05-05,161.9250030517578,202.52499389648438,75.5250015258789
2023-05-08,162.4250030517578,203.4250030517578,75.625
2023-05-09,163.9250030517578,205.9250030517578,76.2750015258789
2023-05-10,163.0,205.375,76.57499694824219
2023-05-11,162.9499969482422,204.125,76.5999984741211
2023-05-12,164.39999389648438,205.47500610351562,76.625
2023-05-15,164.3249969482422,206.5,86.1500015258789
2023-05-16,163.875,205.6999969482422,87.19999694824219
2023-05-17,164.8249969482422,204.5500030517578,84.875
2023-05-18,165.52499389648438,206.10000610351562,85.30000305175781
2023-05-19,165.72500610351562,206.27499389648438,83.0250015258789
2023-05-22,165.0500030517578,206.5749969482422,81.82499694824219
2023-05-23,164.27499389648438,207.8000030517578,80.67500305175781
2023-05-24,166.10000610351562,208.97500610351562,79.80000305175781
2023-05-25,167.3000030517578,208.97500610351562,77.6500015258789
2023-05-26,167.35000610351562,233.9250030517578,76.07499694824219
2023-05-30,168.875,237.77499389648438,80.82499694824219
2023-05-31,169.125,239.1750030517578,82.57499694824219
2023-06-01,174.89999389648438,241.64999389648438,83.55000305175781
2023-06-02,176.4250030517578,241.89999389648438,86.7249984741211
2023-06-05,177.14999389648438,242.60000610351562,85.32499694824219
2023-06-06,179.8249969482422,243.25,88.30000305175781
2023-06-07,179.0,239.10000610351562,87.69999694824219
2023-06-08,178.77499389648438,238.64999389648438,87.67500305175781
2023-06-09,178.22500610351562,239.0,87.875
2023-06-12,179.0749969482422,239.0500030517578,87.17500305175781
2023-06-13,179.4250030517578,240.4499969482422,87.125
2023-06-14,177.4499969482422,235.89999389648438,87.19999694824219
2023-06-15,177.5749969482422,234.125,91.92500305175781
2023-06-16,178.35000610351562,234.9250030517578,92.8499984741211
2023-06-20,177.125,232.14999389648438,95.8499984741211
2023-06-21,177.25,227.72500610351562,94.75
2023-06-22,177.64999389648438,230.6750030517578,91.8499984741211
2023-06-23,177.5,233.9499969482422,91.2750015258789
2023-06-26,177.6999969482422,233.6750030517578,93.4000015258789
2023-06-27,179.3000030517578,238.5,94.125
2023-06-28,179.625,240.25,94.2750015258789
2023-06-29,179.75,242.375,95.44999694824219
2023-06-30,181.5,247.5749969482422,95.6500015258789
2023-07-03,176.8249969482422,247.89999389648438,97.82499694824219
2023-07-05,174.9499969482422,244.6999969482422,101.2750015258789
2023-07-06,174.5749969482422,242.27499389648438,100.05000305175781
2023-07-07,177.0,245.4250030517578,99.0
2023-07-10,177.1999969482422,246.25,98.80000305175781
2023-07-11,178.8249969482422,247.14999389648438,101.2750015258789
2023-07-12,176.875,246.5749969482422,101.17500305175781
2023-07-13,176.89999389648438,245.0,102.3499984741211
2023-07-14,180.1750030517578,246.64999389648438,101.9749984741211
2023-07-17,180.125,249.25,102.3499984741211
2023-07-18,181.27499389648438,248.0,96.2750015258789
2023-07-19,181.3249969482422,246.8000030517578,97.92500305175781
2023-07-20,180.3249969482422,245.10000610351562,100.625
2023-07-21,180.02499389648438,245.9250030517578,100.67500305175781
2023-07-24,178.75,243.25,100.0999984741211
2023-07-25,178.3000030517578,243.22500610351562,101.6500015258789
2023-07-26,178.6750030517578,244.1999969482422,101.6500015258789
2023-07-27,178.0500030517578,244.64999389648438,102.0250015258789
2023-07-28,178.14999389648438,245.60000610351562,103.19999694824219
2023-07-31,178.0500030517578,245.60000610351562,104.125
2023-08-01,179.5,248.47500610351562,103.67500305175781
2023-08-02,178.02499389648438,246.8249969482422,102.67500305175781
2023-08-03,178.5,247.9499969482422,101.0
2023-08-04,180.89999389648438,249.52499389648438,101.0250015258789
2023-08-07,179.6999969482422,246.97500610351562,101.5250015258789
2023-08-08,179.6999969482422,246.0,102.0999984741211
2023-08-09,180.5749969482422,247.14999389648438,101.6500015258789
2023-08-10,181.10000610351562,248.0,101.7249984741211
2023-08-11,180.375,247.75,102.0999984741211
2023-08-14,179.75,246.22500610351562,102.25
2023-08-15,179.10000610351562,245.875,78.19999694824219
2023-08-16,178.77499389648438,245.375,78.17500305175781
2023-08-17,178.0500030517578,244.27499389648438,79.1500015258789
2023-08-18,178.52499389648438,245.5749969482422,82.125
2023-08-21,178.97500610351562,246.77499389648438,80.625
2023-08-22,177.9499969482422,245.5,79.57499694824219
2023-08-23,178.0500030517578,245.02499389648438,78.55000305175781
2023-08-24,179.85000610351562,246.5,80.4749984741211
2023-08-25,180.6750030517578,247.625,79.82499694824219
2023-08-28,180.6999969482422,250.25,81.8499984741211
2023-08-29,181.0,250.6999969482422,80.7249984741211
2023-08-30,178.8000030517578,250.0500030517578,83.5999984741211
2023-08-31,179.72500610351562,249.10000610351562,82.55000305175781
2023-09-01,180.14999389648438,251.85000610351562,83.05000305175781
2023-09-05,179.9499969482422,251.375,83.17500305175781
2023-09-06,182.6999969482422,253.14999389648438,81.875
2023-09-07,183.64999389648438,255.5749969482422,82.82499694824219
2023-09-08,183.22500610351562,255.35000610351562,81.5250015258789
2023-09-11,184.22500610351562,256.2250061035156,82.55000305175781
2023-09-12,184.14999389648438,255.3249969482422,85.2750015258789
2023-09-13,183.14999389648438,253.5,83.9749984741211
2023-09-14,185.47500610351562,255.1750030517578,83.3499984741211
2023-09-15,186.9250030517578,257.375,83.125
2023-09-18,186.3249969482422,254.25,83.25
2023-09-19,185.6750030517578,253.5,84.8499984741211
2023-09-20,186.77499389648438,254.1750030517578,85.7750015258789
2023-09-21,184.97500610351562,253.27499389648438,82.94999694824219
2023-09-22,187.0749969482422,254.10000610351562,81.5250015258789
2023-09-25,186.97500610351562,253.875,81.5250015258789
2023-09-26,184.8000030517578,252.60000610351562,81.625
2023-09-27,184.89999389648438,251.52499389648438,82.125
2023-09-28,186.5,252.3249969482422,83.94999694824219
2023-09-29,184.1999969482422,252.47500610351562,80.19999694824219
2023-10-02,184.4250030517578,253.3249969482422,79.8499984741211
2023-10-03,182.125,248.60000610351562,79.9749984741211
2023-10-04,182.1999969482422,247.77499389648438,79.92500305175781
2023-10-05,181.9499969482422,247.5,80.9000015258789
2023-10-06,183.0749969482422,248.375,82.32499694824219
2023-10-09,182.375,246.89999389648438,81.9749984741211
2023-10-10,182.5749969482422,247.9499969482422,81.94999694824219
2023-10-11,184.5,250.1750030517578,82.1500015258789
2023-10-12,185.39999389648438,252.02499389648438,82.0999984741211
2023-10-13,185.125,249.875,81.92500305175781
2023-10-16,185.1999969482422,248.3249969482422,68.30000305175781
2023-10-17,185.5,248.8000030517578,67.55000305175781
2023-10-18,185.72500610351562,247.125,68.0250015258789
2023-10-19,184.39999389648438,243.5749969482422,68.0
2023-10-20,184.27499389648438,241.8249969482422,66.0
2023-10-23,178.25,237.625,66.17500305175781
2023-10-24,180.0,239.4250030517578,66.375
2023-10-25,181.125,239.97500610351562,67.5
2023-10-26,181.6999969482422,240.5500030517578,68.625
2023-10-27,184.0,236.89999389648438,70.4749984741211
2023-10-30,184.125,237.6750030517578,71.17500305175781
2023-10-31,183.75,237.6999969482422,71.7249984741211
2023-11-01,183.625,238.5749969482422,70.1500015258789
2023-11-02,184.6750030517578,242.625,73.2750015258789
2023-11-03,183.875,240.60000610351562,71.75
2023-11-06,181.3249969482422,237.1750030517578,72.4000015258789
2023-11-07,178.77499389648438,232.22500610351562,72.9000015258789
2023-11-08,179.39999389648438,234.5500030517578,71.5
2023-11-09,174.35000610351562,229.0,71.44999694824219
2023-11-10,174.1750030517578,229.72500610351562,71.9000015258789
2023-11-13,174.9250030517578,230.72500610351562,73.3499984741211
2023-11-14,175.85000610351562,230.0500030517578,72.30000305175781
2023-11-15,177.77499389648438,229.4250030517578,71.05000305175781
2023-11-16,174.75,229.375,71.4749984741211
2023-11-17,175.75,228.5,70.9749984741211
2023-11-20,175.47500610351562,229.85000610351562,70.3499984741211
2023-11-21,175.0,228.3249969482422,68.17500305175781
2023-11-22,174.47500610351562,227.125,68.2750015258789
2023-11-24,170.25,219.3249969482422,67.57499694824219
2023-11-27,168.77499389648438,212.8000030517578,67.875
2023-11-28,171.64999389648438,221.0500030517578,68.92500305175781
2023-11-29,171.89999389648438,222.1999969482422,68.9749984741211
2023-11-30,170.875,219.9499969482422,68.7750015258789
2023-12-01,169.27499389648438,214.4250030517578,68.5999984741211
2023-12-04,167.25,210.52499389648438,68.05000305175781
2023-12-05,168.5,214.6999969482422,66.82499694824219
2023-12-06,163.4499969482422,210.14999389648438,67.55000305175781
2023-12-07,162.35000610351562,210.27499389648438,67.55000305175781
2023-12-08,165.4499969482422,215.3000030517578,68.42500305175781
2023-12-11,166.97500610351562,217.9499969482422,68.25
2023-12-12,167.6999969482422,219.25,67.82499694824219
2023-12-13,166.9499969482422,217.375,67.92500305175781
2023-12-14,167.5,219.35000610351562,67.17500305175781
2023-12-15,168.22500610351562,220.89999389648438,71.9000015258789
2023-12-18,168.8249969482422,223.1750030517578,71.57499694824219
2023-12-19,168.4499969482422,221.89999389648438,70.55000305175781
2023-12-20,170.02499389648438,224.0500030517578,70.2249984741211
2023-12-21,170.5500030517578,221.6999969482422,70.6500015258789
2023-12-22,170.0500030517578,222.75,71.3499984741211
2023-12-26,170.5749969482422,223.5500030517578,69.30000305175781
2023-12-27,170.72500610351562,224.47500610351562,69.875
2023-12-28,171.1999969482422,222.47500610351562,68.44999694824219
2023-12-29,173.6750030517578,222.3000030517578,67.9749984741211
2024-01-02,171.9250030517578,225.4250030517578,65.32499694824219
2024-01-03,171.85000610351562,226.0749969482422,65.30000305175781
2024-01-04,171.125,224.6750030517578,69.05000305175781
2024-01-05,170.5749969482422,223.125,70.0
2024-01-08,169.9499969482422,223.875,70.5999984741211
2024-01-09,170.77499389648438,223.77499389648438,71.875
2024-01-10,170.75,224.625,72.07499694824219
2024-01-11,171.8000030517578,226.27499389648438,72.5999984741211
2024-01-12,171.375,226.5749969482422,71.9000015258789
2024-01-16,173.125,227.5500030517578,70.7750015258789
2024-01-17,173.10000610351562,228.4250030517578,71.44999694824219
2024-01-18,174.8249969482422,230.9250030517578,71.0999984741211
2024-01-19,174.375,230.10000610351562,70.75
2024-01-22,173.77499389648438,229.8249969482422,70.92500305175781
2024-01-23,174.64999389648438,231.0,73.30000305175781
2024-01-24,175.35000610351562,231.8249969482422,73.9000015258789
2024-01-25,177.72500610351562,232.02499389648438,74.30000305175781
2024-01-26,178.4499969482422,239.6999969482422,74.92500305175781
2024-01-29,177.375,238.625,75.2750015258789
2024-01-30,178.02499389648438,241.3249969482422,75.8499984741211
2024-01-31,177.35000610351562,240.14999389648438,76.3499984741211
2024-02-01,179.75,244.875,75.80000305175781
2024-02-02,180.5500030517578,244.8000030517578,75.44999694824219
2024-02-05,179.72500610351562,242.75,74.4000015258789
2024-02-06,183.0,246.6750030517578,73.4749984741211
2024-02-07,182.22500610351562,245.5500030517578,73.375
2024-02-08,183.77499389648438,246.85000610351562,73.30000305175781
2024-02-09,184.625,247.14999389648438,73.67500305175781
2024-02-12,184.25,248.8249969482422,73.57499694824219
2024-02-13,183.75,248.0,74.2249984741211
2024-02-14,182.39999389648438,246.22500610351562,75.17500305175781
2024-02-15,183.39999389648438,247.10000610351562,85.0
2024-02-16,184.77499389648438,251.02499389648438,85.2249984741211
2024-02-20,184.39999389648438,251.375,85.67500305175781
2024-02-21,183.97500610351562,251.35000610351562,85.9749984741211
2024-02-22,183.5,252.0500030517578,87.19999694824219
2024-02-23,185.60000610351562,254.5749969482422,87.19999694824219
2024-02-26,185.72500610351562,253.0500030517578,86.2750015258789
2024-02-27,185.60000610351562,253.0,85.9000015258789
2024-02-28,184.64999389648438,249.60000610351562,86.0
2024-02-29,184.0,249.0,86.625
2024-03-01,188.4499969482422,252.97500610351562,88.07499694824219
2024-03-04,186.6750030517578,251.5500030517578,86.2750015258789
2024-03-05,188.0,252.3000030517578,85.17500305175781
2024-03-06,187.25,251.02499389648438,85.0
2024-03-07,188.72500610351562,251.02499389648438,84.5250015258789
2024-03-08,187.60000610351562,249.1999969482422,84.375
2024-03-11,187.60000610351562,248.25,83.2750015258789
2024-03-12,188.25,248.97500610351562,85.3499984741211
2024-03-13,189.9250030517578,250.27499389648438,84.875
2024-03-14,186.9499969482422,247.47500610351562,85.0250015258789
2024-03-15,187.25,249.27499389648438,86.92500305175781
2024-03-18,188.5749969482422,251.1999969482422,86.82499694824219
2024-03-19,188.0500030517578,250.6750030517578,85.82499694824219
2024-03-20,187.8000030517578,250.25,85.30000305175781
2024-03-21,188.375,250.875,84.9000015258789
2024-03-22,187.5,249.9499969482422,84.57499694824219
2024-03-25,186.1999969482422,249.4499969482422,85.1500015258789
2024-03-26,183.10000610351562,247.72500610351562,85.57499694824219
2024-03-27,183.60000610351562,248.0500030517578,86.0999984741211
2024-03-28,185.0,247.75,86.625
2024-04-01,180.0749969482422,240.4250030517578,86.94999694824219
2024-04-02,181.77499389648438,243.5,86.55000305175781
2024-04-03,180.9250030517578,240.9499969482422,87.9749984741211
2024-04-04,181.47500610351562,242.6999969482422,88.3499984741211
2024-04-05,178.25,237.6999969482422,89.32499694824219
2024-04-08,179.39999389648438,239.3000030517578,89.75
2024-04-09,180.6999969482422,240.6999969482422,90.5999984741211
2024-04-10,179.0749969482422,238.27499389648438,91.75
2024-04-11,180.25,239.1750030517578,91.44999694824219
2024-04-12,178.89999389648438,237.60000610351562,90.875
2024-04-15,180.3000030517578,239.5500030517578,94.32499694824219
2024-04-16,181.5,240.35000610351562,94.7249984741211
2024-04-17,180.89999389648438,240.4250030517578,94.92500305175781
2024-04-18,181.1750030517578,241.60000610351562,94.7249984741211
2024-04-19,181.47500610351562,241.3249969482422,96.2249984741211
2024-04-22,183.8249969482422,242.89999389648438,96.69999694824219
2024-04-23,183.35000610351562,243.75,98.57499694824219
2024-04-24,182.10000610351562,243.10000610351562,97.3499984741211
2024-04-25,183.9499969482422,244.875,95.2750015258789
2024-04-26,184.6750030517578,248.6999969482422,94.2750015258789
2024-04-29,185.39999389648438,248.02499389648438,94.0250015258789
2024-04-30,185.0,244.5749969482422,94.1500015258789
2024-05-01,173.85000610351562,241.4250030517578,93.0250015258789
2024-05-02,176.8000030517578,243.60000610351562,93.07499694824219
2024-05-03,176.6750030517578,243.3000030517578,92.42500305175781
2024-05-06,176.97500610351562,241.39999389648438,92.17500305175781
2024-05-07,177.625,242.14999389648438,92.5250015258789
2024-05-08,176.47500610351562,240.1999969482422,92.5250015258789
2024-05-09,175.9499969482422,238.64999389648438,91.9749984741211
2024-05-10,176.14999389648438,238.8000030517578,91.7249984741211
2024-05-13,175.5749969482422,239.375,91.44999694824219
2024-05-14,178.1750030517578,243.27499389648438,91.82499694824219
2024-05-15,178.25,243.14999389648438,97.5
2024-05-16,179.02499389648438,244.85000610351562,98.375
2024-05-17,181.0500030517578,246.72500610351562,96.5
2024-05-20,181.47500610351562,246.6999969482422,96.92500305175781
2024-05-21,182.97500610351562,248.9499969482422,96.4000015258789
2024-05-22,184.1750030517578,250.375,95.4000015258789
2024-05-23,183.52499389648438,250.3249969482422,94.5250015258789
2024-05-24,183.6999969482422,260.2250061035156,94.2750015258789
2024-05-28,184.5500030517578,264.6000061035156,93.80000305175781
2024-05-29,183.35000610351562,260.25,93.7750015258789
2024-05-30,182.5500030517578,259.07501220703125,93.9749984741211
2024-05-31,181.5500030517578,256.3999938964844,94.3499984741211
2024-06-03,182.02499389648438,256.20001220703125,93.6500015258789
2024-06-04,182.1750030517578,256.0249938964844,92.69999694824219
2024-06-05,181.77499389648438,254.8249969482422,92.0999984741211
2024-06-06,181.8249969482422,252.85000610351562,92.1500015258789
2024-06-07,182.1750030517578,254.9250030517578,92.5250015258789
2024-06-10,183.9250030517578,258.6499938964844,92.25
2024-06-11,183.75,257.6499938964844,91.94999694824219
2024-06-12,183.64999389648438,257.57501220703125,92.0250015258789
2024-06-13,184.8249969482422,257.4750061035156,91.75
2024-06-14,186.8249969482422,261.9750061035156,91.17500305175781
2024-06-17,187.0500030517578,261.32501220703125,95.375
2024-06-18,186.6750030517578,259.95001220703125,93.7750015258789
2024-06-20,187.0749969482422,259.82501220703125,91.1500015258789
2024-06-21,187.60000610351562,258.375,92.05000305175781
2024-06-24,188.89999389648438,258.8999938964844,89.94999694824219
2024-06-25,189.47500610351562,259.04998779296875,89.0
2024-06-26,192.9250030517578,261.7749938964844,89.9000015258789
2024-06-27,194.1750030517578,260.6499938964844,89.44999694824219
2024-06-28,193.5,259.29998779296875,89.57499694824219
2024-07-01,184.27499389648438,257.375,89.19999694824219
2024-07-02,185.10000610351562,261.1000061035156,89.2249984741211
2024-07-03,185.9250030517578,263.375,89.75
2024-07-05,186.4250030517578,261.4750061035156,89.875
2024-07-08,184.35000610351562,259.17498779296875,89.67500305175781
2024-07-09,182.35000610351562,255.72500610351562,89.32499694824219
2024-07-10,182.25,254.35000610351562,88.44999694824219
2024-07-11,182.25,256.1499938964844,88.55000305175781
2024-07-12,182.375,258.6499938964844,88.69999694824219
2024-07-15,182.125,258.7749938964844,88.6500015258789
2024-07-16,182.6750030517578,258.625,91.2750015258789
2024-07-17,184.27499389648438,258.54998779296875,91.6500015258789
2024-07-18,182.25,256.2250061035156,91.375
2024-07-19,183.10000610351562,255.60000610351562,91.57499694824219
2024-07-22,183.9250030517578,256.3999938964844,92.375
2024-07-23,186.3000030517578,258.75,93.6500015258789
2024-07-24,186.89999389648438,257.125,93.7750015258789
2024-07-25,188.89999389648438,258.625,93.7750015258789
2024-07-26,188.5749969482422,259.70001220703125,93.4749984741211
2024-07-29,186.97500610351562,256.42498779296875,91.44999694824219
2024-07-30,187.6999969482422,256.9750061035156,91.19999694824219
2024-07-31,187.125,257.25,92.2750015258789
2024-08-01,184.8000030517578,253.14999389648438,93.1500015258789
2024-08-02,184.10000610351562,249.64999389648438,92.19999694824219
2024-08-05,181.5500030517578,244.0,91.1500015258789
2024-08-06,181.97500610351562,243.0,91.2750015258789
2024-08-07,182.27499389648438,242.625,90.5999984741211
2024-08-08,182.0500030517578,242.375,90.0250015258789
2024-08-09,184.25,246.5,89.80000305175781
2024-08-12,183.3249969482422,244.39999389648438,90.0250015258789
2024-08-13,184.0,246.47500610351562,89.9000015258789
2024-08-14,184.60000610351562,247.89999389648438,90.0999984741211
2024-08-15,184.0500030517578,246.72500610351562,76.5
2024-08-16,182.8000030517578,242.77499389648438,75.07499694824219
2024-08-19,182.8000030517578,242.375,76.80000305175781
2024-08-20,181.02499389648438,238.1999969482422,76.4000015258789
2024-08-21,181.22500610351562,239.25,76.1500015258789
2024-08-22,182.5500030517578,241.97500610351562,79.625
2024-08-23,182.5749969482422,242.5749969482422,80.55000305175781
2024-08-26,183.60000610351562,244.5,80.4000015258789
2024-08-27,185.1750030517578,244.1999969482422,82.07499694824219
2024-08-28,183.75,243.5500030517578,81.67500305175781
2024-08-29,184.875,243.1750030517578,82.17500305175781
2024-08-30,185.85000610351562,240.47500610351562,82.2249984741211
2024-09-03,179.27499389648438,241.375,82.5250015258789
2024-09-04,179.22500610351562,239.625,81.57499694824219
2024-09-05,177.25,237.125,80.69999694824219
2024-09-06,175.1750030517578,234.3000030517578,79.5
2024-09-09,176.9250030517578,237.72500610351562,78.80000305175781
2024-09-10,176.3249969482422,238.47500610351562,78.55000305175781
2024-09-11,176.9499969482422,240.5500030517578,79.75
2024-09-12,178.02499389648438,242.0500030517578,78.9000015258789
2024-09-13,177.64999389648438,241.89999389648438,78.44999694824219
2024-09-16,177.22500610351562,241.3000030517578,79.92500305175781
2024-09-17,178.8000030517578,243.3000030517578,81.7750015258789
2024-09-18,178.3000030517578,242.8249969482422,82.05000305175781
2024-09-19,179.97500610351562,245.27499389648438,82.25
2024-09-20,182.47500610351562,244.8249969482422,82.2249984741211
2024-09-23,183.25,245.10000610351562,82.30000305175781
2024-09-24,183.1999969482422,244.9499969482422,82.125
2024-09-25,183.0500030517578,245.375,82.4749984741211
2024-09-26,184.10000610351562,245.39999389648438,82.0250015258789
2024-09-27,183.75,247.0749969482422,82.05000305175781
2024-09-30,183.77499389648438,246.1999969482422,82.25
2024-10-01,184.47500610351562,246.14999389648438,83.5
2024-10-02,187.4250030517578,249.72500610351562,84.67500305175781
2024-10-03,186.0,248.97500610351562,84.17500305175781
2024-10-04,187.0,249.625,84.0250015258789
2024-10-07,187.47500610351562,248.85000610351562,83.9749984741211
2024-10-08,188.47500610351562,250.3249969482422,84.125
2024-10-09,188.1999969482422,249.27499389648438,83.92500305175781
2024-10-10,189.1750030517578,250.27499389648438,84.0250015258789
2024-10-11,188.60000610351562,249.75,84.07499694824219
2024-10-14,188.25,249.125,84.0999984741211
2024-10-15,186.72500610351562,246.52499389648438,75.2249984741211
2024-10-16,187.0500030517578,246.10000610351562,77.69999694824219
2024-10-17,186.625,246.72500610351562,77.67500305175781
2024-10-18,187.625,248.3249969482422,77.82499694824219
2024-10-21,187.0,247.5749969482422,78.2750015258789
2024-10-22,188.0500030517578,249.4250030517578,79.125
2024-10-23,187.625,248.5749969482422,80.17500305175781
2024-10-24,189.3000030517578,249.39999389648438,78.6500015258789
2024-10-25,189.6999969482422,249.625,79.67500305175781
2024-10-28,190.1750030517578,250.0749969482422,80.625
2024-10-29,189.3000030517578,250.02499389648438,82.82499694824219
2024-10-30,188.39999389648438,250.9499969482422,84.375
2024-10-31,193.0,251.97500610351562,83.80000305175781
2024-11-01,185.9250030517578,246.875,84.07499694824219
2024-11-04,185.0749969482422,246.35000610351562,83.2249984741211
2024-11-05,184.77499389648438,246.14999389648438,81.125
2024-11-06,185.39999389648438,247.6999969482422,82.125
2024-11-07,185.8249969482422,247.64999389648438,81.19999694824219
2024-11-08,183.6999969482422,245.4250030517578,80.42500305175781
2024-11-11,183.6999969482422,246.14999389648438,81.7750015258789
2024-11-12,184.39999389648438,246.8249969482422,82.3499984741211
2024-11-13,184.02499389648438,246.47500610351562,81.875
2024-11-14,182.9499969482422,247.625,80.0999984741211
2024-11-15,182.9499969482422,251.10000610351562,79.5
2024-11-18,184.10000610351562,251.8249969482422,80.0250015258789
2024-11-19,186.5749969482422,254.25,79.55000305175781
2024-11-20,186.3000030517578,254.8000030517578,80.5250015258789
2024-11-21,185.60000610351562,255.125,80.80000305175781
2024-11-22,186.77499389648438,254.3000030517578,81.67500305175781
2024-11-25,186.5,255.47500610351562,81.9749984741211
2024-11-26,186.89999389648438,258.1000061035156,83.0999984741211
2024-11-27,188.0,258.7749938964844,82.4000015258789
2024-11-29,187.97500610351562,259.4750061035156,82.07499694824219
2024-12-02,187.52499389648438,256.8500061035156,83.2249984741211
2024-12-03,188.47500610351562,259.29998779296875,83.25
2024-12-04,188.375,256.95001220703125,82.5
2024-12-05,186.97500610351562,254.9250030517578,82.42500305175781
2024-12-06,187.375,255.8249969482422,83.30000305175781
2024-12-09,187.8000030517578,255.8000030517578,82.9000015258789
2024-12-10,189.85000610351562,257.32501220703125,82.92500305175781
2024-12-11,192.25,259.04998779296875,83.5
2024-12-12,192.125,258.3500061035156,83.55000305175781
2024-12-13,193.64999389648438,257.6499938964844,83.7249984741211
2024-12-16,192.02499389648438,255.5500030517578,83.55000305175781
2024-12-17,192.25,257.4750061035156,83.19999694824219
2024-12-18,191.3000030517578,257.0,83.69999694824219
2024-12-19,190.35000610351562,254.47500610351562,83.625
2024-12-20,191.3249969482422,255.60000610351562,85.92500305175781
2024-12-23,190.97500610351562,256.6000061035156,84.375
2024-12-24,190.8000030517578,255.85000610351562,84.375
2024-12-26,192.77499389648438,259.29998779296875,84.19999694824219
2024-12-27,193.5,261.375,84.1500015258789
2024-12-30,194.0749969482422,261.625,81.625
2024-12-31,193.85000610351562,263.0249938964844,81.30000305175781
2025-01-02,193.60000610351562,266.4750061035156,81.1500015258789
2025-01-03,194.0500030517578,264.82501220703125,80.7750015258789
2025-01-06,195.1999969482422,266.29998779296875,79.6500015258789
2025-01-07,195.5749969482422,268.3999938964844,79.17500305175781
2025-01-08,193.6999969482422,265.57501220703125,79.4749984741211
2025-01-09,197.60000610351562,269.2250061035156,81.7750015258789
2025-01-10,198.77499389648438,272.3500061035156,82.55000305175781
2025-01-13,197.39999389648438,271.8500061035156,83.17500305175781
2025-01-14,197.39999389648438,274.1000061035156,83.625
2025-01-15,198.52499389648438,275.2250061035156,83.125
2025-01-16,196.60000610351562,273.45001220703125,82.30000305175781
2025-01-17,196.75,273.5,81.125
2025-01-21,197.0500030517578,274.3999938964844,81.19999694824219
2025-01-22,200.0500030517578,277.04998779296875,81.4749984741211
2025-01-23,201.10000610351562,277.07501220703125,82.125
2025-01-24,204.77499389648438,278.70001220703125,82.30000305175781
2025-01-27,205.6750030517578,279.7250061035156,83.05000305175781
2025-01-28,208.5500030517578,281.82501220703125,83.9000015258789
2025-01-29,207.02499389648438,280.54998779296875,83.9000015258789
2025-01-30,204.47500610351562,281.8999938964844,84.375
2025-01-31,204.60000610351562,275.7250061035156,84.17500305175781
2025-02-03,202.97500610351562,270.5,84.32499694824219
2025-02-04,201.875,268.25,85.07499694824219
2025-02-05,203.60000610351562,270.7250061035156,86.6500015258789
2025-02-06,200.625,265.29998779296875,86.6500015258789
2025-02-07,200.77499389648438,264.8999938964844,87.25
2025-02-10,201.875,268.125,87.69999694824219
2025-02-11,199.6750030517578,264.7749938964844,88.7249984741211
2025-02-12,199.14999389648438,264.9750061035156,89.44999694824219
2025-02-13,199.5500030517578,267.9750061035156,89.375
2025-02-14,197.75,266.3500061035156,89.4749984741211
2025-02-18,197.4499969482422,269.7250061035156,93.19999694824219
2025-02-19,197.8249969482422,269.0249938964844,89.75
2025-02-20,197.625,266.82501220703125,88.5250015258789
2025-02-21,197.8249969482422,267.95001220703125,87.67500305175781
2025-02-24,198.89999389648438,272.29998779296875,87.4000015258789
2025-02-25,199.5,274.2250061035156,86.57499694824219
2025-02-26,198.8249969482422,274.375,88.30000305175781
2025-02-27,199.39999389648438,276.45001220703125,84.375
2025-02-28,197.72500610351562,274.9750061035156,83.67500305175781
2025-03-03,192.25,274.0249938964844,83.69999694824219
2025-03-04,194.64999389648438,273.8500061035156,82.3499984741211
2025-03-05,196.5500030517578,276.1000061035156,84.69999694824219
2025-03-06,196.27499389648438,274.0249938964844,86.6500015258789
2025-03-07,200.27499389648438,276.9750061035156,87.3499984741211
2025-03-10,200.5749969482422,277.04998779296875,88.30000305175781
2025-03-11,199.5500030517578,277.5,86.55000305175781
2025-03-12,201.39999389648438,280.25,86.5
2025-03-13,202.0500030517578,280.2250061035156,85.625
2025-03-14,203.1750030517578,281.9750061035156,86.625
2025-03-17,205.02499389648438,284.625,88.07499694824219
2025-03-18,205.375,284.9750061035156,87.5999984741211
2025-03-19,206.8249969482422,286.82501220703125,85.57499694824219
2025-03-20,208.47500610351562,288.3500061035156,85.55000305175781
2025-03-21,206.9499969482422,286.4750061035156,86.125
2025-03-24,205.89999389648438,286.6000061035156,85.69999694824219
2025-03-25,206.375,286.9750061035156,86.6500015258789
2025-03-26,207.0749969482422,286.79998779296875,87.55000305175781
2025-03-27,209.5500030517578,287.6499938964844,87.0250015258789
2025-03-28,208.8249969482422,286.92498779296875,86.69999694824219
2025-03-31,207.8000030517578,286.45001220703125,87.7249984741211
2025-04-01,209.125,288.2749938964844,87.375
2025-04-02,210.375,288.875,87.44999694824219
2025-04-03,208.0500030517578,285.3999938964844,87.375
2025-04-04,202.625,279.42498779296875,87.375
2025-04-07,198.9250030517578,277.82501220703125,87.80000305175781
2025-04-08,199.10000610351562,280.42498779296875,87.82499694824219
2025-04-09,202.8000030517578,283.75,86.9749984741211
2025-04-10,200.85000610351562,282.7749938964844,86.0
2025-04-11,202.47500610351562,285.17498779296875,85.42500305175781
2025-04-14,203.9499969482422,288.04998779296875,85.4749984741211
2025-04-15,204.8000030517578,289.375,88.19999694824219
2025-04-16,207.0749969482422,289.95001220703125,90.1500015258789
2025-04-17,209.8249969482422,293.3500061035156,90.4000015258789
2025-04-21,209.77499389648438,285.5249938964844,91.0250015258789
2025-04-22,211.375,286.92498779296875,92.2249984741211
2025-04-23,212.6999969482422,288.3500061035156,91.875
2025-04-24,213.5,289.07501220703125,91.94999694824219
2025-04-25,214.25,290.5249938964844,92.80000305175781
2025-04-28,215.64999389648438,291.79998779296875,92.94999694824219
2025-04-29,216.35000610351562,294.0249938964844,92.55000305175781
2025-04-30,215.75,292.57501220703125,91.92500305175781
2025-05-01,209.64999389648438,293.2250061035156,92.4000015258789
2025-05-02,211.10000610351562,294.95001220703125,92.94999694824219
2025-05-05,213.64999389648438,296.07501220703125,92.25
2025-05-06,213.6750030517578,295.70001220703125,91.55000305175781
2025-05-07,212.52499389648438,294.45001220703125,91.1500015258789
2025-05-08,214.25,297.4750061035156,90.6500015258789
2025-05-09,214.6750030517578,297.9750061035156,90.375
2025-05-12,216.8249969482422,303.1000061035156,90.7249984741211
2025-05-13,216.3249969482422,302.82501220703125,90.9749984741211
2025-05-14,213.9499969482422,299.57501220703125,91.0
2025-05-15,211.1750030517578,296.17498779296875,100.69999694824219
2025-05-16,212.22500610351562,296.8500061035156,100.32499694824219
2025-05-19,212.97500610351562,295.67498779296875,99.25
2025-05-20,213.1750030517578,296.0,100.0250015258789
2025-05-21,214.14999389648438,296.29998779296875,99.5250015258789
2025-05-22,215.625,295.3999938964844,98.69999694824219
2025-05-23,215.8000030517578,300.375,98.30000305175781
2025-05-27,215.125,298.1499938964844,99.0999984741211
2025-05-28,213.9250030517578,295.625,100.2750015258789
2025-05-29,215.52499389648438,299.92498779296875,100.0250015258789
2025-05-30,215.47500610351562,298.82501220703125,101.32499694824219
2025-06-02,216.5500030517578,301.75,100.8499984741211
2025-06-03,215.97500610351562,301.2250061035156,100.2249984741211
2025-06-04,218.39999389648438,303.875,99.9749984741211
2025-06-05,222.89999389648438,309.1499938964844,100.8499984741211
2025-06-06,226.3000030517578,310.1499938964844,102.625
2025-06-09,227.0,311.6499938964844,102.7750015258789
2025-06-10,227.0749969482422,313.1499938964844,103.1500015258789
2025-06-11,227.8249969482422,311.07501220703125,103.375
2025-06-12,228.1999969482422,311.25,103.6500015258789
2025-06-13,225.10000610351562,306.42498779296875,103.69999694824219
2025-06-16,227.02499389648438,310.2250061035156,111.80000305175781
2025-06-17,223.25,303.3500061035156,111.6500015258789
2025-06-18,224.3000030517578,304.17498779296875,112.17500305175781
2025-06-20,223.02499389648438,302.45001220703125,112.7750015258789
2025-06-23,222.3000030517578,302.79998779296875,113.44999694824219
2025-06-24,221.60000610351562,302.25,112.2249984741211
2025-06-25,221.60000610351562,302.29998779296875,112.82499694824219
2025-06-26,221.6999969482422,303.29998779296875,112.32499694824219
2025-06-27,224.75,307.8999938964844,113.25
2025-06-30,225.875,310.67498779296875,110.0999984741211
2025-07-01,210.75,306.0249938964844,109.0
2025-07-02,212.4499969482422,309.0249938964844,109.6500015258789
2025-07-03,214.0500030517578,309.5,107.9749984741211
2025-07-07,215.89999389648438,313.7250061035156,106.94999694824219
2025-07-08,219.97500610351562,319.125,106.9749984741211
2025-07-09,219.77499389648438,320.4750061035156,107.0999984741211
2025-07-10,219.22500610351562,321.2749938964844,107.25
2025-07-11,222.1999969482422,325.32501220703125,106.7249984741211
2025-07-14,219.35000610351562,319.4750061035156,106.69999694824219
2025-07-15,222.39999389648438,322.2749938964844,106.8499984741211
2025-07-16,223.89999389648438,325.57501220703125,104.42500305175781
2025-07-17,223.6750030517578,325.0,105.82499694824219
2025-07-18,223.5500030517578,324.0,106.4749984741211
2025-07-21,225.22500610351562,327.6000061035156,107.3499984741211
2025-07-22,224.97500610351562,328.2749938964844,107.75
2025-07-23,227.02499389648438,331.5249938964844,108.4749984741211
2025-07-24,225.8000030517578,328.8999938964844,108.19999694824219
2025-07-25,226.47500610351562,331.375,108.69999694824219
2025-07-28,227.875,333.5249938964844,108.5250015258789
2025-07-29,229.72500610351562,336.20001220703125,107.25
2025-07-30,233.0749969482422,338.95001220703125,107.0250015258789
2025-07-31,227.77499389648438,331.375,107.125
2025-08-01,230.125,334.57501220703125,107.3499984741211
2025-08-04,230.89999389648438,335.3999938964844,108.17500305175781
2025-08-05,234.27499389648438,341.04998779296875,108.7750015258789
2025-08-06,236.3000030517578,345.0249938964844,108.875
2025-08-07,238.75,348.6499938964844,108.7750015258789
2025-08-08,232.5500030517578,339.3999938964844,108.9000015258789
2025-08-11,233.0749969482422,340.2250061035156,109.67500305175781
2025-08-12,235.8249969482422,345.375,109.55000305175781
2025-08-13,235.5500030517578,345.875,109.625
2025-08-14,233.35000610351562,340.3999938964844,109.6500015258789
2025-08-15,236.25,346.1499938964844,90.0999984741211
2025-08-18,236.72500610351562,348.8999938964844,90.125
2025-08-19,236.3249969482422,350.54998779296875,90.1500015258789
2025-08-20,238.52499389648438,355.7749938964844,89.94999694824219
2025-08-21,238.64999389648438,356.375,89.92500305175781
2025-08-22,239.9499969482422,360.3500061035156,91.19999694824219
2025-08-25,240.22500610351562,360.8500061035156,91.4000015258789
2025-08-26,242.5,363.2250061035156,93.42500305175781
2025-08-27,243.25,365.45001220703125,93.9000015258789
2025-08-28,237.0,365.92498779296875,94.2750015258789
2025-08-29,241.89999389648438,364.7749938964844,95.0250015258789
2025-09-02,239.52499389648438,364.25,95.55000305175781
2025-09-03,238.3249969482422,362.07501220703125,93.82499694824219
2025-09-04,236.9499969482422,359.82501220703125,95.0250015258789
2025-09-05,235.97500610351562,359.82501220703125,96.0250015258789
2025-09-08,235.8000030517578,360.95001220703125,95.1500015258789
2025-09-09,230.1750030517578,351.70001220703125,96.125
2025-09-10,231.14999389648438,353.20001220703125,96.82499694824219
2025-09-11,232.27499389648438,355.2250061035156,98.17500305175781
2025-09-12,229.97500610351562,350.3999938964844,97.125
2025-09-15,234.60000610351562,358.79998779296875,97.5250015258789
2025-09-16,233.4499969482422,358.32501220703125,97.375
2025-09-17,231.10000610351562,355.0249938964844,97.32499694824219
2025-09-18,232.375,358.17498779296875,97.4749984741211
2025-09-19,233.5749969482422,359.1499938964844,97.9749984741211
2025-09-22,237.14999389648438,362.7250061035156,98.80000305175781
2025-09-23,235.60000610351562,364.8500061035156,100.5250015258789
2025-09-24,234.0500030517578,365.375,99.42500305175781
2025-09-25,232.0500030517578,365.42498779296875,100.0999984741211
2025-09-26,231.8000030517578,357.0,101.5
2025-09-29,231.3249969482422,356.20001220703125,101.1500015258789
2025-09-30,231.85000610351562,361.0249938964844,99.8499984741211
2025-10-01,231.10000610351562,358.9750061035156,98.42500305175781
2025-10-02,230.52499389648438,354.29998779296875,98.67500305175781
2025-10-03,231.02499389648438,357.17498779296875,98.9749984741211
2025-10-06,231.875,362.3999938964844,98.32499694824219
2025-10-07,233.10000610351562,365.5,97.8499984741211
2025-10-08,233.85000610351562,369.5,97.625
2025-10-09,235.02499389648438,374.0249938964844,97.0
2025-10-10,238.47500610351562,375.5,97.0
2025-10-13,240.5749969482422,375.5,97.42500305175781
2025-10-14,241.8249969482422,380.17498779296875,97.4749984741211
2025-10-15,242.1750030517578,379.7250061035156,83.5999984741211
2025-10-16,243.9499969482422,379.67498779296875,82.5999984741211
2025-10-17,240.25,371.95001220703125,82.375
2025-10-20,241.85000610351562,372.95001220703125,82.07499694824219
2025-10-21,243.6750030517578,372.92498779296875,83.2750015258789
2025-10-22,239.0500030517578,365.07501220703125,82.4000015258789
2025-10-23,239.72500610351562,363.3500061035156,81.7750015258789
2025-10-24,233.75,354.29998779296875,81.9000015258789
2025-10-27,228.8249969482422,345.5,81.5
2025-10-28,227.5,344.1000061035156,80.82499694824219
2025-10-29,231.39999389648438,347.875,80.7750015258789
2025-10-30,235.27499389648438,347.2749938964844,80.82499694824219
2025-10-31,236.60000610351562,338.875,81.2750015258789
2025-11-03,232.1999969482422,342.57501220703125,80.5999984741211
2025-11-04,227.77499389648438,334.9750061035156,79.92500305175781
2025-11-05,220.52499389648438,325.7250061035156,80.5999984741211
2025-11-06,218.77499389648438,322.04998779296875,78.9749984741211
2025-11-07,221.35000610351562,326.3999938964844,79.4000015258789
2025-11-10,228.5500030517578,335.6499938964844,82.7750015258789
2025-11-11,227.1999969482422,337.67498779296875,82.3499984741211
2025-11-12,225.27499389648438,339.0249938964844,80.625
2025-11-13,219.0,337.0,78.07499694824219
2025-11-14,219.14999389648438,338.67498779296875,78.5
2025-11-17,221.27499389648438,339.8500061035156,78.57499694824219
2025-11-18,220.02499389648438,340.7749938964844,77.9000015258789
2025-11-19,216.3000030517578,341.8500061035156,78.8499984741211
2025-11-20,214.72500610351562,340.6499938964844,79.4749984741211
2025-11-21,214.4499969482422,314.2250061035156,77.80000305175781
2025-11-24,207.1999969482422,304.9750061035156,78.19999694824219
2025-11-25,207.0,307.07501220703125,78.44999694824219
2025-11-26,211.02499389648438,315.125,80.42500305175781
2025-11-28,215.5749969482422,323.9750061035156,80.5999984741211
2025-12-01,214.1999969482422,321.07501220703125,80.2249984741211
2025-12-02,218.47500610351562,329.875,80.5
2025-12-03,218.9499969482422,331.8500061035156,80.55000305175781
2025-12-04,221.4499969482422,336.57501220703125,81.125
2025-12-05,227.14999389648438,339.04998779296875,81.6500015258789
2025-12-08,227.3249969482422,335.6499938964844,82.30000305175781
2025-12-09,226.8249969482422,335.5,82.5
2025-12-10,226.8000030517578,338.375,82.44999694824219
2025-12-11,230.375,343.3999938964844,83.4000015258789
2025-12-12,229.8000030517578,339.1000061035156,83.32499694824219
2025-12-15,230.8249969482422,339.92498779296875,83.8499984741211
2025-12-16,231.14999389648438,343.32501220703125,84.7750015258789
2025-12-17,230.3000030517578,341.5249938964844,83.0
2025-12-18,228.4250030517578,340.2749938964844,84.125
2025-12-19,230.39999389648438,345.6000061035156,84.5
2025-12-22,230.72500610351562,346.5,85.3499984741211
2025-12-23,228.8249969482422,344.625,85.9749984741211
2025-12-24,228.6999969482422,344.7250061035156,85.05000305175781
2025-12-26,229.8249969482422,346.17498779296875,84.5250015258789
2025-12-29,228.89999389648438,347.0,84.4749984741211
2025-12-30,231.1750030517578,349.54998779296875,85.44999694824219
2025-12-31,232.0,350.25,85.0999984741211
2026-01-02,236.0,356.1000061035156,84.0999984741211
2026-01-05,235.875,358.9750061035156,86.1500015258789
2026-01-06,236.625,362.17498779296875,85.67500305175781
2026-01-07,234.52499389648438,359.6000061035156,84.80000305175781
2026-01-08,235.27499389648438,362.4750061035156,85.875
2026-01-09,233.72500610351562,360.7250061035156,85.30000305175781
2026-01-12,235.25,362.04998779296875,84.42500305175781
2026-01-13,237.25,366.2749938964844,84.625
2026-01-14,235.14999389648438,364.75,85.69999694824219
2026-01-15,236.0500030517578,368.42498779296875,87.80000305175781
2026-01-16,232.14999389648438,361.92498779296875,88.2750015258789
2026-01-20,232.375,362.625,87.8499984741211
2026-01-21,233.10000610351562,363.2250061035156,87.8499984741211
2026-01-22,232.375,363.7250061035156,88.4749984741211
2026-01-23,234.89999389648438,364.79998779296875,88.3499984741211
2026-01-26,236.02499389648438,366.70001220703125,88.30000305175781
2026-01-27,235.60000610351562,366.8500061035156,89.05000305175781
2026-01-28,236.8249969482422,368.1000061035156,87.94999694824219
2026-01-29,235.5,369.17498779296875,87.69999694824219
2026-01-30,235.85000610351562,360.2749938964844,87.25
2026-02-02,238.1750030517578,366.3500061035156,87.75
2026-02-03,240.3249969482422,367.92498779296875,88.55000305175781
2026-02-04,240.52499389648438,370.07501220703125,88.0
2026-02-05,235.25,364.07501220703125,87.30000305175781
2026-02-06,237.75,367.42498779296875,87.375
2026-02-09,239.3000030517578,367.45001220703125,87.0999984741211
2026-02-10,239.10000610351562,364.7749938964844,86.8499984741211
2026-02-11,242.35000610351562,367.45001220703125,86.9000015258789
2026-02-12,242.5,365.7250061035156,86.75
2026-02-13,243.0749969482422,366.1499938964844,86.94999694824219
2026-02-17,246.5500030517578,370.9750061035156,92.30000305175781
2026-02-18,246.60000610351562,370.57501220703125,92.55000305175781
2026-02-19,247.5,370.2749938964844,93.44999694824219
2026-02-20,246.5749969482422,368.0249938964844,93.67500305175781
2026-02-23,244.97500610351562,364.29998779296875,93.69999694824219
2026-02-24,245.02499389648438,365.1000061035156,95.80000305175781
2026-02-25,246.0,366.29998779296875,96.19999694824219
2026-02-26,246.0,361.6499938964844,95.7249984741211
2026-02-27,244.0,355.42498779296875,95.7249984741211
2026-03-02,233.10000610351562,357.2749938964844,95.57499694824219
2026-03-03,234.125,357.20001220703125,95.75
2026-03-04,238.35000610351562,363.92498779296875,97.07499694824219
2026-03-05,238.52499389648438,362.6000061035156,95.67500305175781
2026-03-06,234.5749969482422,355.625,95.625
2026-03-09,230.14999389648438,350.6499938964844,94.82499694824219
2026-03-10,232.375,353.3500061035156,96.07499694824219
2026-03-11,230.14999389648438,348.7250061035156,95.19999694824219
2026-03-12,231.25,348.2250061035156,94.3499984741211
2026-03-13,230.89999389648438,349.4750061035156,93.44999694824219
2026-03-16,233.25,355.45001220703125,93.5
2026-03-17,235.22500610351562,359.79998779296875,93.7249984741211
2026-03-18,235.39999389648438,358.7250061035156,93.75
2026-03-19,233.27499389648438,355.2749938964844,92.05000305175781
2026-03-20,234.0500030517578,357.75,91.2750015258789
2026-03-23,235.3000030517578,358.45001220703125,90.80000305175781
2026-03-24,235.375,360.29998779296875,91.05000305175781
2026-03-25,234.4250030517578,361.875,90.9000015258789
2026-03-26,235.10000610351562,363.5249938964844,90.82499694824219
2026-03-27,238.5,361.45001220703125,90.7750015258789
2026-03-30,239.5500030517578,363.29998779296875,90.4749984741211
2026-03-31,243.02499389648438,369.125,90.42500305175781
2026-04-01,244.0500030517578,370.75,90.92500305175781
2026-04-02,246.1999969482422,372.8999938964844,90.3499984741211
2026-04-06,248.02499389648438,372.0249938964844,90.4749984741211
2026-04-07,248.1999969482422,368.8999938964844,90.7750015258789
2026-04-08,249.0,370.67498779296875,90.19999694824219
2026-04-09,249.77499389648438,372.5249938964844,90.67500305175781
2026-04-10,251.77499389648438,374.1499938964844,90.7249984741211
2026-04-13,250.64999389648438,374.4750061035156,90.5
2026-04-14,252.5500030517578,375.875,90.5
2026-04-15,252.60000610351562,373.5,90.69999694824219
2026-04-16,250.3000030517578,373.07501220703125,94.05000305175781
2026-04-17,249.9499969482422,371.32501220703125,93.4000015258789
2026-04-20,249.60000610351562,368.875,94.2249984741211
2026-04-21,247.4250030517578,366.57501220703125,95.4000015258789
2026-04-22,246.85000610351562,366.79998779296875,95.05000305175781
2026-04-23,247.0749969482422,366.625,95.6500015258789
2026-04-24,248.3000030517578,367.625,94.30000305175781
2026-04-27,250.4250030517578,370.57501220703125,94.375
2026-04-28,252.6750030517578,372.07501220703125,94.1500015258789
2026-04-29,256.875,372.2749938964844,95.0999984741211
2026-04-30,258.4750061035156,373.75,93.44999694824219
2026-05-01,253.0,371.3999938964844,92.82499694824219
2026-05-04,251.75,366.6000061035156,91.625
2026-05-05,253.22500610351562,371.82501220703125,92.80000305175781
2026-05-06,253.47500610351562,372.3999938964844,91.69999694824219
2026-05-07,250.0500030517578,366.32501220703125,91.5
2026-05-08,248.89999389648438,367.375,90.875
2026-05-11,249.39999389648438,368.3999938964844,90.875
2026-05-12,247.6999969482422,365.8999938964844,90.92500305175781
2026-05-13,252.8000030517578,367.32501220703125,90.9000015258789
2026-05-14,252.0749969482422,367.57501220703125,90.44999694824219
2026-05-15,253.89999389648438,368.67498779296875,98.75
2026-05-18,253.375,368.79998779296875,98.5250015258789
2026-05-19,254.5500030517578,369.57501220703125,97.92500305175781
2026-05-20,253.27499389648438,370.7250061035156,97.2750015258789
2026-05-21,249.14999389648438,369.125,95.125
2026-05-22,249.3000030517578,349.8500061035156,95.75
2026-05-26,248.22500610351562,349.45001220703125,96.125
2026-05-27,251.4250030517578,354.625,97.5999984741211
2026-05-28,249.75,353.0249938964844,96.9749984741211
2026-05-29,248.25,348.42498779296875,95.8499984741211
2026-06-01,249.0,351.54998779296875,95.0250015258789
2026-06-02,247.6750030517578,348.42498779296875,95.69999694824219
2026-06-03,246.625,342.625,96.05000305175781
2026-06-04,249.1750030517578,353.375,95.30000305175781
2026-06-05,250.0749969482422,353.8999938964844,94.30000305175781
2026-06-08,246.52499389648438,350.70001220703125,94.0250015258789
2026-06-09,248.02499389648438,354.1499938964844,93.57499694824219
2026-06-10,250.10000610351562,354.375,93.17500305175781
2026-06-11,251.47500610351562,359.6499938964844,92.7750015258789
2026-06-12,249.875,357.42498779296875,92.5250015258789
2026-06-15,250.625,361.54998779296875,96.57499694824219
2026-06-16,255.3000030517578,366.875,94.80000305175781
2026-06-17,255.72500610351562,367.42498779296875,94.6500015258789
2026-06-18,254.8000030517578,366.6000061035156,95.0250015258789
2026-06-22,255.8249969482422,370.42498779296875,94.6500015258789
2026-06-23,255.14999389648438,368.1499938964844,94.2249984741211
2026-06-24,256.0,372.92498779296875,93.8499984741211
2026-06-25,257.3999938964844,373.29998779296875,92.69999694824219
2026-06-26,257.45001220703125,369.8500061035156,92.92500305175781
2026-06-29,257.3999938964844,367.4750061035156,93.82499694824219
2026-06-30,258.20001220703125,364.6000061035156,94.32499694824219
2026-07-01,241.8249969482422,364.1499938964844,93.3499984741211
2026-07-02,239.22500610351562,360.625,93.8499984741211
2026-07-06,239.10000610351562,360.5,93.3499984741211
2026-07-07,238.4250030517578,360.6499938964844,93.44999694824219
2026-07-08,237.625,362.04998779296875,94.5
2026-07-09,235.25,356.1499938964844,94.32499694824219
2026-07-10,235.1999969482422,354.6000061035156,94.7750015258789
2026-07-13,234.72500610351562,354.3500061035156,94.7750015258789
2026-07-14,231.4250030517578,348.79998779296875,95.0999984741211
2026-07-15,230.125,349.95001220703125,95.17500305175781
2026-07-16,227.0749969482422,346.6000061035156,100.2750015258789
2026-07-17,224.4250030517578,345.95001220703125,101.6500015258789
2026-07-20,226.52499389648438,352.0,101.2750015258789
2026-07-21,226.6750030517578,349.54998779296875,101.5
2026-07-22,223.1999969482422,341.17498779296875,101.44999694824219
2026-07-23,225.39999389648438,343.7749938964844,102.1500015258789
2026-07-24,227.0749969482422,345.32501220703125,102.8499984741211
2026-07-27,225.22500610351562,338.25,102.9749984741211
2026-07-28,227.47500610351562,343.07501220703125,103.0999984741211
2026-07-29,227.89999389648438,344.2749938964844,100.67500305175781
2026-07-30,231.22500610351562,346.4750061035156,98.42500305175781
2026-07-31,231.75,348.0249938964844,98.8499984741211
2026-08-03,231.10000610351562,347.82501220703125,97.5250015258789
2026-08-04,231.9499969482422,351.20001220703125,97.8499984741211
2026-08-05,234.1750030517578,353.32501220703125,96.5999984741211
2026-08-06,231.22500610351562,348.04998779296875,95.5
2026-08-07,231.6999969482422,351.6499938964844,95.5
2026-08-10,226.75,346.29998779296875,83.5999984741211
